S.N.,Date,Open,High,Low,Ltp,% Change,Qty,Turnover
1,2022-01-26,295.00,295.00,287.60,288.20,-2.64,"32,678.00","9,463,196.30"
2,2022-01-25,305.80,305.80,288.30,296.00,-1.30,"44,713.00","13,255,283.70"
3,2022-01-24,314.20,314.20,295.00,299.90,-2.66,"61,509.00","18,392,749.30"
4,2022-01-23,323.30,323.30,307.90,308.10,-2.81,"39,106.00","12,122,809.00"
5,2022-01-20,312.50,317.00,310.00,317.00,-0.31,"41,551.00","13,035,064.70"
6,2022-01-19,326.00,326.00,315.00,318.00,-0.59,"47,069.00","14,926,957.70"
7,2022-01-18,318.00,330.00,312.00,319.90,0.63,"90,351.00","29,002,983.10"
8,2022-01-17,321.00,321.00,315.00,317.90,0.16,"39,437.00","12,485,118.10"
9,2022-01-16,306.00,318.00,305.10,317.40,5.80,"137,560.00","43,196,830.70"
10,2022-01-13,300.00,300.00,290.00,300.00,0.67,"48,560.00","14,433,500.50"
11,2022-01-12,297.00,303.00,292.00,298.00,0.34,"64,071.00","19,100,848.00"
12,2022-01-11,295.00,298.00,292.00,297.00,0.34,"32,036.00","9,475,883.60"
13,2022-01-10,301.00,304.50,293.10,296.00,-1.63,"57,373.00","17,011,818.50"
14,2022-01-09,295.00,300.90,293.10,300.90,3.08,"58,429.00","17,396,820.30"
15,2022-01-06,281.00,292.00,281.00,291.90,3.51,"43,100.00","12,355,274.60"
16,2022-01-05,296.80,296.80,282.00,282.00,-3.09,"47,134.00","13,550,877.30"
17,2022-01-04,275.00,291.00,273.10,291.00,6.20,"59,764.00","16,960,527.90"
18,2022-01-03,269.00,274.30,266.00,274.00,1.86,"32,290.00","8,783,842.50"
19,2022-01-02,265.00,269.80,261.10,269.00,1.51,"21,592.00","5,776,094.80"
20,2021-12-29,267.00,267.10,262.00,265.00,1.15,"25,584.00","6,760,368.60"
21,2021-12-28,266.00,268.00,259.70,262.00,-2.24,"21,945.00","5,794,970.50"
22,2021-12-27,270.00,275.00,267.00,268.00,-1.11,"36,037.00","9,747,671.10"
23,2021-12-26,266.00,271.30,265.20,271.00,2.65,"47,457.00","12,774,735.30"
24,2021-12-23,266.20,268.00,260.00,264.00,1.15,"32,047.00","8,458,238.60"
25,2021-12-22,259.00,264.00,255.00,261.00,2.76,"32,410.00","8,442,381.30"
26,2021-12-21,252.00,255.00,250.00,254.00,2.42,"23,675.00","5,990,694.10"
27,2021-12-20,259.00,259.00,246.30,248.00,-2.36,"29,390.00","7,343,193.20"
28,2021-12-16,258.90,258.90,253.00,254.00,-1.89,"21,503.00","5,483,762.50"
29,2021-12-15,263.00,270.00,256.30,258.90,0.35,"39,072.00","10,210,430.30"
30,2021-12-14,250.00,258.00,246.00,258.00,4.88,"20,108.00","5,041,485.90"
31,2021-12-13,250.00,250.00,240.20,246.00,-2.03,"31,386.00","7,651,650.30"
32,2021-12-12,264.00,264.00,251.10,251.10,-4.34,"36,608.00","9,329,198.50"
33,2021-12-09,265.00,266.00,259.70,262.50,-0.94,"23,833.00","6,258,455.30"
34,2021-12-08,265.00,268.00,262.90,265.00,-1.16,"19,994.00","5,296,555.50"
35,2021-12-07,272.30,274.00,268.00,268.10,0.41,"30,787.00","8,332,729.70"
36,2021-12-06,260.00,267.00,252.00,267.00,1.91,"36,248.00","9,378,542.60"
37,2021-12-05,272.00,275.00,261.80,262.00,-3.68,"33,716.00","8,910,224.10"
38,2021-12-02,279.00,280.00,270.00,272.00,-2.51,"38,523.00","10,561,857.80"
39,2021-12-01,285.00,285.00,278.60,279.00,-1.06,"32,857.00","9,196,447.10"
40,2021-11-30,291.00,291.00,279.30,282.00,-2.76,"28,457.00","8,061,880.70"
41,2021-11-29,294.00,295.80,287.10,290.00,-1.69,"28,744.00","8,322,535.10"
42,2021-11-28,305.00,305.00,294.00,295.00,-4.84,"74,634.00","22,144,743.20"
43,2021-11-25,338.00,345.00,336.00,341.00,1.34,"157,242.00","53,381,636.90"
44,2021-11-24,340.00,340.00,330.00,336.50,-0.15,"36,015.00","12,073,815.30"
45,2021-11-23,342.50,342.50,335.00,337.00,-0.79,"37,507.00","12,628,394.80"
46,2021-11-22,338.00,341.70,338.00,339.70,0.50,"51,675.00","17,545,093.50"
47,2021-11-21,334.10,339.00,333.00,338.00,1.17,"34,696.00","11,693,162.90"
48,2021-11-18,341.00,342.00,334.00,334.10,-1.74,"34,388.00","11,586,264.50"
49,2021-11-17,342.00,342.00,338.00,340.00,0.59,"40,000.00","13,618,811.70"
50,2021-11-16,332.00,338.00,325.00,338.00,2.11,"46,798.00","15,660,853.20"
51,2021-11-15,337.50,343.00,327.00,331.00,0.00,"50,699.00","16,692,679.70"
52,2021-11-14,326.00,331.00,320.00,331.00,1.13,"38,623.00","12,584,546.60"
53,2021-11-11,334.00,335.00,327.30,327.30,-2.01,"56,707.00","18,719,408.50"
54,2021-11-09,338.00,338.00,332.00,334.00,-1.18,"46,748.00","15,626,533.20"
55,2021-11-08,349.00,349.80,338.00,338.00,-1.46,"42,337.00","14,436,409.90"
56,2021-11-03,339.00,344.70,339.00,343.00,-0.23,"47,939.00","16,415,080.90"
57,2021-11-02,347.00,352.00,340.00,343.80,-0.92,"59,874.00","20,466,059.40"
58,2021-11-01,352.00,352.00,346.00,347.00,-1.42,"53,464.00","18,593,710.10"
59,2021-10-31,355.00,357.00,348.00,352.00,-0.85,"48,640.00","17,104,389.40"
60,2021-10-28,357.00,358.00,350.00,355.00,-0.28,"31,364.00","11,157,664.10"
61,2021-10-27,365.10,367.00,350.00,356.00,-0.56,"70,922.00","25,334,449.70"
62,2021-10-26,340.10,360.00,340.10,358.00,7.35,"157,153.00","55,777,529.90"
63,2021-10-25,324.00,334.00,320.00,333.50,4.55,"33,141.00","10,917,858.50"
64,2021-10-24,317.00,320.00,312.10,319.00,0.85,"25,194.00","8,005,315.10"
65,2021-10-21,329.00,329.40,316.00,316.30,-2.07,"51,762.00","16,566,803.70"
66,2021-10-20,318.00,331.00,318.00,323.00,1.89,"43,272.00","13,916,687.10"
67,2021-10-19,330.00,330.00,314.10,317.00,-3.94,"63,948.00","20,344,404.70"
68,2021-10-18,335.50,340.00,330.00,330.00,-2.65,"44,294.00","14,760,430.30"
69,2021-10-17,345.00,349.00,337.00,339.00,-0.76,"18,283.00","6,215,687.80"
70,2021-10-11,341.00,342.00,335.00,341.60,-0.70,"27,522.00","9,365,782.70"
71,2021-10-10,345.00,346.00,342.00,344.00,1.18,"34,371.00","11,811,731.70"
72,2021-10-06,345.00,346.00,337.00,340.00,0.29,"53,099.00","18,126,617.70"
73,2021-10-05,331.10,342.00,331.10,339.00,0.92,"26,769.00","9,062,327.00"
74,2021-10-04,331.00,340.00,330.00,335.90,0.12,"42,962.00","14,333,970.00"
75,2021-10-03,346.00,346.00,334.40,335.50,-3.03,"63,022.00","21,239,948.40"
76,2021-09-30,352.50,356.00,344.50,346.00,-1.70,"55,196.00","19,281,504.40"
77,2021-09-29,351.00,354.00,331.00,352.00,2.03,"47,450.00","16,362,302.80"
78,2021-09-28,360.00,360.00,343.00,345.00,-3.50,"66,481.00","23,263,291.50"
79,2021-09-27,369.00,371.00,356.00,357.50,-3.90,"68,286.00","24,555,124.20"
80,2021-09-26,375.00,388.60,367.00,372.00,1.09,"127,018.00","47,241,283.60"
81,2021-09-23,361.60,376.00,355.00,368.00,3.66,"160,069.00","59,044,873.40"
82,2021-09-22,345.00,359.00,343.00,355.00,3.83,"53,066.00","18,647,798.10"
83,2021-09-21,336.00,346.80,322.30,341.90,0.56,"81,958.00","27,510,510.50"
84,2021-09-20,355.00,358.00,340.00,340.00,-3.68,"78,732.00","26,947,969.10"
85,2021-09-16,365.00,365.00,350.10,353.00,-3.29,"108,878.00","38,542,308.20"
86,2021-09-15,368.00,369.00,362.00,365.00,-1.08,"45,729.00","16,717,567.40"
87,2021-09-14,376.00,376.00,369.00,369.00,-0.54,"45,011.00","16,738,814.30"
88,2021-09-13,375.00,375.00,365.30,371.00,0.57,"68,857.00","25,483,213.40"
89,2021-09-12,370.00,371.00,365.00,368.90,0.46,"51,034.00","18,826,042.90"
90,2021-09-09,362.20,370.30,362.20,367.20,0.30,"52,194.00","19,183,627.60"
91,2021-09-08,370.00,380.00,365.00,366.10,-1.85,"71,024.00","26,329,841.90"
92,2021-09-07,381.00,384.00,369.00,373.00,-1.06,"94,212.00","35,182,668.60"
93,2021-09-06,359.00,379.00,354.90,377.00,4.14,"83,845.00","30,960,314.50"
94,2021-09-05,371.00,371.00,346.00,362.00,-2.56,"133,417.00","47,786,246.80"
95,2021-09-02,379.00,379.00,370.00,371.50,-0.93,"62,564.00","23,321,313.20"
96,2021-09-01,377.00,379.00,368.00,375.00,1.35,"80,771.00","30,242,393.30"
97,2021-08-31,370.00,374.00,365.10,370.00,-1.60,"83,526.00","30,967,148.10"
98,2021-08-29,391.00,392.00,374.00,376.00,-2.59,"150,496.00","56,776,638.70"
99,2021-08-26,387.00,391.00,382.00,386.00,-0.26,"96,985.00","37,329,211.90"
100,2021-08-25,393.00,395.00,385.20,387.00,-2.03,"71,770.00","27,948,099.50"
101,2021-08-24,400.00,402.00,392.00,395.00,-0.50,"62,450.00","24,708,177.70"
102,2021-08-19,402.00,406.00,395.00,397.00,-0.75,"75,582.00","30,126,072.60"
103,2021-08-18,400.00,405.90,391.00,400.00,1.01,"113,654.00","45,183,679.50"
104,2021-08-17,400.00,406.00,396.00,396.00,-1.49,"96,987.00","38,598,285.00"
105,2021-08-16,414.10,414.10,400.00,402.00,-0.99,"89,418.00","35,951,722.70"
106,2021-08-15,412.00,415.00,400.00,406.00,-0.98,"150,356.00","61,080,452.90"
107,2021-08-12,410.00,415.00,405.30,410.00,0.00,"114,375.00","46,908,243.90"
108,2021-08-11,413.00,419.00,407.00,410.00,-0.61,"99,506.00","40,820,866.60"
109,2021-08-10,401.00,416.00,400.10,412.50,2.23,"125,713.00","51,375,044.60"
110,2021-08-09,405.00,408.00,401.10,403.50,-0.37,"65,145.00","26,237,457.30"
111,2021-08-08,405.00,411.00,404.00,405.00,-0.49,"78,666.00","31,927,447.70"
112,2021-08-05,406.00,409.00,405.00,407.00,0.25,"98,490.00","40,091,597.50"
113,2021-08-04,405.00,408.00,405.00,406.00,0.00,"91,613.00","37,243,755.50"
114,2021-08-03,409.00,410.00,404.00,406.00,-0.25,"92,568.00","37,542,644.80"
115,2021-08-02,410.00,412.00,405.00,407.00,-0.02,"84,357.00","34,281,291.40"
116,2021-08-01,405.00,411.00,404.10,407.10,0.30,"76,109.00","30,960,193.70"
117,2021-07-29,410.00,410.00,402.00,405.90,-0.51,"59,840.00","24,283,058.80"
118,2021-07-28,413.00,418.00,406.00,408.00,-0.97,"82,238.00","33,701,485.80"
119,2021-07-27,410.00,415.00,395.00,412.00,-0.60,"242,136.00","98,417,934.10"
120,2021-07-26,433.20,433.20,413.50,414.50,-2.42,"259,511.00","108,447,597.30"
121,2021-07-25,405.00,425.00,405.00,424.80,5.70,"353,993.00","147,427,469.60"
122,2021-07-22,399.50,405.00,393.00,401.90,1.34,"224,926.00","90,073,916.50"
123,2021-07-20,400.00,400.00,393.00,396.60,-0.83,"74,341.00","29,441,945.90"
124,2021-07-19,400.00,408.00,393.00,399.90,1.63,"199,765.00","80,063,686.90"
125,2021-07-18,384.00,398.00,382.00,393.50,3.83,"188,959.00","73,854,848.10"
126,2021-07-15,380.00,383.00,377.00,379.00,-0.26,"51,831.00","19,669,520.00"
127,2021-07-14,385.00,385.00,378.00,380.00,0.00,"41,306.00","15,667,450.00"
128,2021-07-13,378.00,382.00,372.00,380.00,0.80,"47,281.00","17,941,472.00"
129,2021-07-12,388.00,388.00,375.00,377.00,-1.57,"85,241.00","32,382,774.00"
130,2021-07-11,378.00,384.00,377.00,383.00,2.41,"123,897.00","47,153,137.00"
131,2021-07-08,366.00,375.00,364.00,374.00,2.19,"56,425.00","20,880,011.00"
132,2021-07-07,368.00,370.00,365.00,366.00,-0.54,"49,494.00","18,172,628.00"
133,2021-07-06,360.00,370.00,360.00,368.00,0.00,"42,873.00","15,776,997.00"
134,2021-07-05,371.00,375.00,365.00,368.00,-0.81,"59,147.00","21,778,116.00"
135,2021-07-04,371.00,377.00,370.00,371.00,0.00,"59,242.00","21,982,772.00"
136,2021-07-01,371.00,376.00,370.00,371.00,0.00,"51,008.00","18,983,383.00"
137,2021-06-30,370.00,371.00,363.00,371.00,-0.80,"75,397.00","27,696,403.00"
138,2021-06-29,385.00,385.00,373.00,374.00,-1.58,"79,742.00","29,972,864.00"
139,2021-06-28,382.00,389.00,379.00,380.00,0.26,"99,267.00","38,061,857.00"
140,2021-06-27,370.00,387.00,367.00,379.00,2.43,"132,742.00","50,122,559.00"
141,2021-06-24,375.00,378.00,363.00,370.00,-0.54,"81,205.00","30,116,098.00"
142,2021-06-23,383.00,387.00,371.00,372.00,-2.36,"91,823.00","34,472,212.00"
143,2021-06-22,368.00,381.00,364.00,381.00,3.53,"153,135.00","57,263,747.00"
144,2021-06-21,377.00,384.00,367.00,368.00,-2.39,"180,976.00","67,238,889.00"
145,2021-06-20,390.00,396.00,374.00,377.00,-2.08,"236,674.00","90,812,640.00"
146,2021-06-17,390.00,390.00,382.00,385.00,-0.52,"145,550.00","56,029,027.00"
147,2021-06-16,395.00,399.00,386.00,387.00,-0.77,"243,331.00","95,508,611.00"
148,2021-06-15,400.00,405.00,389.00,390.00,-1.52,"296,435.00","117,315,436.00"
149,2021-06-14,385.00,402.00,380.00,396.00,5.04,"325,389.00","127,678,925.00"
150,2021-06-13,377.00,385.00,373.00,377.00,-0.26,"240,816.00","90,586,615.00"
151,2021-06-10,386.00,386.00,375.00,378.00,-1.56,"219,543.00","82,901,855.00"
152,2021-06-09,390.00,395.00,381.00,384.00,-1.29,"187,434.00","72,569,630.00"
153,2021-06-08,382.00,393.00,376.00,389.00,1.83,"285,142.00","110,299,630.00"
154,2021-06-07,395.00,395.00,374.00,382.00,-1.29,"375,007.00","142,580,559.00"
155,2021-06-06,368.00,397.00,368.00,387.00,7.20,"568,701.00","217,573,761.00"
156,2021-06-03,344.00,363.00,344.00,361.00,4.94,"446,509.00","158,997,865.00"
157,2021-06-02,341.00,346.00,340.00,344.00,1.18,"110,192.00","37,811,746.00"
158,2021-06-01,341.00,347.00,338.00,340.00,-1.16,"117,575.00","40,175,082.00"
159,2021-05-31,350.00,355.00,343.00,344.00,-1.43,"250,760.00","87,512,022.00"
160,2021-05-30,348.00,356.00,340.00,349.00,2.05,"254,658.00","88,483,141.00"
161,2021-05-27,335.00,349.00,328.00,342.00,0.29,"197,418.00","66,960,389.00"
162,2021-05-25,348.00,349.00,340.00,341.00,-2.01,"221,004.00","75,887,713.00"
163,2021-05-24,360.00,360.00,342.00,348.00,-1.42,"409,929.00","143,452,140.00"
164,2021-05-23,351.00,354.00,337.00,353.00,0.57,"413,005.00","144,152,288.00"
165,2021-05-20,340.00,351.00,335.00,351.00,6.36,"980,144.00","340,124,945.00"
166,2021-05-19,327.00,335.00,325.00,330.00,1.54,"496,518.00","164,050,765.00"
167,2021-05-18,325.00,327.00,321.00,325.00,0.31,"153,382.00","49,791,495.00"
168,2021-05-17,322.00,325.00,318.00,324.00,1.25,"213,833.00","69,049,842.00"
169,2021-05-16,315.00,324.00,315.00,320.00,2.56,"228,423.00","73,061,511.00"
170,2021-05-13,315.00,315.00,310.00,312.00,0.00,"51,218.00","15,949,838.00"
171,2021-05-12,312.00,314.00,309.00,312.00,-0.32,"44,521.00","13,888,554.00"
172,2021-05-11,317.00,317.00,312.00,313.00,-0.32,"53,287.00","16,739,796.00"
173,2021-05-10,314.00,316.00,310.00,314.00,0.00,"97,687.00","30,629,780.00"
174,2021-05-09,320.00,326.00,304.00,314.00,2.95,"638,625.00","203,089,741.00"
175,2021-05-06,302.00,307.00,299.00,305.00,1.33,"106,144.00","32,144,496.00"
176,2021-05-05,300.00,305.00,300.00,301.00,-0.66,"46,955.00","14,193,465.00"
177,2021-05-04,306.00,306.00,301.00,303.00,-0.66,"42,098.00","12,729,169.00"
178,2021-05-03,309.00,310.00,302.00,305.00,0.00,"37,238.00","11,359,514.00"
179,2021-05-02,301.00,305.00,300.00,305.00,0.66,"145,278.00","43,870,547.00"
180,2021-04-29,315.00,315.00,301.00,303.00,0.66,"53,030.00","16,047,697.00"
181,2021-04-28,306.00,306.00,299.00,301.00,-1.63,"55,264.00","16,620,347.00"
182,2021-04-27,295.00,306.00,295.00,306.00,3.38,"59,901.00","18,110,527.00"
183,2021-04-26,304.00,304.00,294.00,296.00,-2.63,"107,513.00","32,116,926.00"
184,2021-04-25,309.00,312.00,301.00,304.00,-1.62,"92,456.00","28,093,803.00"
185,2021-04-22,309.00,311.00,305.00,309.00,0.00,"95,086.00","29,402,248.00"
186,2021-04-21,317.00,317.00,307.00,309.00,-0.96,"130,341.00","40,432,072.00"
187,2021-04-20,313.00,316.00,310.00,312.00,-0.32,"91,847.00","28,779,881.00"
188,2021-04-19,318.00,320.00,311.00,313.00,-1.57,"118,535.00","37,287,663.00"
189,2021-04-18,322.00,324.00,314.00,318.00,-0.93,"211,278.00","67,281,590.00"
190,2021-04-15,320.00,328.00,319.00,321.00,0.94,"213,474.00","69,182,062.00"
191,2021-04-13,311.00,319.00,310.00,318.00,2.58,"143,204.00","45,103,896.00"
192,2021-04-12,313.00,316.00,308.00,310.00,-0.96,"98,939.00","30,774,826.00"
193,2021-04-08,310.00,315.00,309.00,313.00,0.97,"206,441.00","64,660,042.00"
194,2021-04-07,310.00,315.00,306.00,310.00,0.00,"153,079.00","47,716,766.00"
195,2021-04-06,307.00,312.00,304.00,310.00,0.98,"171,085.00","52,617,772.00"
196,2021-04-05,315.00,317.00,306.00,307.00,-1.60,"149,804.00","46,533,144.00"
197,2021-04-04,310.00,317.00,310.00,312.00,0.97,"161,724.00","50,684,839.00"
198,2021-04-01,306.00,320.00,300.00,309.00,1.64,"374,271.00","116,443,970.00"
199,2021-03-31,303.00,306.00,300.00,304.00,1.67,"145,167.00","43,880,414.00"
200,2021-03-30,313.00,313.00,298.00,299.00,0.00,"72,214.00","21,636,345.00"
201,2021-03-29,316.00,316.00,297.00,299.00,-0.66,"73,392.00","21,986,857.00"
202,2021-03-25,316.00,316.00,297.00,301.00,0.00,"131,961.00","39,590,651.00"
203,2021-03-24,302.00,304.00,297.00,301.00,0.67,"128,470.00","38,618,968.00"
204,2021-03-23,300.00,300.00,296.00,299.00,0.67,"63,266.00","18,853,391.00"
205,2021-03-22,303.00,303.00,296.00,297.00,-1.66,"129,885.00","38,713,866.00"
206,2021-03-21,303.00,303.00,297.00,302.00,1.34,"225,077.00","67,354,574.00"
207,2021-03-18,294.00,304.00,294.00,298.00,3.11,"99,177.00","29,624,154.00"
208,2021-03-17,296.00,300.00,289.00,289.00,-1.70,"119,417.00","35,155,441.00"
209,2021-03-16,300.00,300.00,293.00,294.00,-0.34,"37,308.00","11,003,025.00"
210,2021-03-15,297.00,302.00,293.00,295.00,-0.67,"51,470.00","15,230,682.00"
211,2021-03-14,306.00,306.00,296.00,297.00,-2.94,"88,169.00","26,357,588.00"
212,2021-03-10,308.00,308.00,302.00,306.00,0.00,"54,907.00","16,699,028.00"
213,2021-03-09,307.00,308.00,300.00,306.00,-1.92,"60,456.00","18,465,896.00"
214,2021-03-07,324.00,326.00,310.00,312.00,-4.29,"96,416.00","30,125,754.00"
215,2021-03-04,310.00,330.00,299.00,326.00,7.59,"273,837.00","85,276,034.00"
216,2021-03-03,317.00,317.00,296.00,303.00,0.33,"130,234.00","38,893,063.00"
217,2021-03-02,310.00,315.00,300.00,302.00,-2.27,"129,739.00","39,465,844.00"
218,2021-03-01,300.00,314.00,296.00,309.00,3.69,"229,017.00","70,375,043.00"
219,2021-02-28,305.00,307.00,296.00,298.00,-2.61,"215,579.00","64,569,117.00"
220,2021-02-25,314.00,314.00,305.00,306.00,-2.55,"174,742.00","53,734,035.00"
221,2021-02-24,316.00,323.00,308.00,314.00,0.64,"164,982.00","51,880,494.00"
222,2021-02-23,314.00,314.00,304.00,312.00,-0.64,"153,889.00","47,374,560.00"
223,2021-02-22,340.00,340.00,313.00,314.00,-3.09,"192,202.00","60,827,733.00"
224,2021-02-21,342.00,342.00,322.00,324.00,-0.61,"217,143.00","70,625,709.00"
225,2021-02-18,325.00,332.00,320.00,326.00,1.88,"330,995.00","107,626,360.00"
226,2021-02-17,323.00,327.00,314.00,320.00,0.95,"180,283.00","57,374,358.00"
227,2021-02-16,315.00,324.00,313.00,317.00,2.26,"338,143.00","107,315,103.00"
228,2021-02-15,316.00,322.00,308.00,310.00,0.00,"226,766.00","70,515,652.00"
229,2021-02-14,318.00,318.00,306.00,310.00,-2.52,"97,873.00","30,353,210.00"
230,2021-02-11,316.00,331.00,312.00,318.00,1.60,"298,115.00","94,686,926.00"
231,2021-02-10,312.00,313.00,302.00,313.00,0.97,"178,663.00","55,438,640.00"
232,2021-02-09,318.00,327.00,305.00,310.00,-1.59,"213,078.00","67,007,614.00"
233,2021-02-08,297.00,319.00,293.00,315.00,6.42,"360,569.00","111,151,355.00"
234,2021-02-07,297.00,298.00,292.00,296.00,1.02,"117,134.00","34,510,405.00"
235,2021-02-04,293.00,297.00,291.00,293.00,-0.68,"62,678.00","18,439,189.00"
236,2021-02-03,300.00,302.00,294.00,295.00,-1.01,"97,816.00","29,056,610.00"
237,2021-02-02,292.00,298.00,288.00,298.00,2.05,"121,560.00","35,547,830.00"
238,2021-02-01,294.00,299.00,286.00,292.00,1.04,"97,056.00","28,197,947.00"
239,2021-01-31,296.00,298.00,285.00,289.00,-3.99,"132,973.00","38,701,337.00"
240,2021-01-28,305.00,311.00,300.00,301.00,-3.22,"189,062.00","57,307,126.00"
241,2021-01-27,300.00,319.00,300.00,311.00,-1.27,"85,274.00","26,602,716.00"
242,2021-01-26,317.00,323.00,313.00,315.00,-1.56,"124,536.00","39,308,719.00"
243,2021-01-25,335.00,335.00,315.00,320.00,0.00,"186,641.00","59,309,331.00"
244,2021-01-24,321.00,326.00,316.00,320.00,-0.31,"193,124.00","61,729,430.00"
245,2021-01-21,344.00,344.00,320.00,321.00,-2.13,"148,130.00","47,827,666.00"
246,2021-01-20,320.00,333.00,318.00,328.00,3.47,"301,528.00","98,377,470.00"
247,2021-01-19,313.00,331.00,301.00,317.00,3.26,"348,390.00","108,531,866.00"
248,2021-01-18,317.00,317.00,300.00,307.00,1.66,"171,423.00","52,189,905.00"
249,2021-01-17,306.00,308.00,300.00,302.00,-1.63,"96,314.00","29,030,774.00"
250,2021-01-13,305.00,310.00,305.00,307.00,0.66,"167,081.00","51,379,683.00"
251,2021-01-12,289.00,310.00,285.00,305.00,5.90,"238,995.00","70,855,328.00"
252,2021-01-11,290.00,299.00,286.00,288.00,-0.69,"151,601.00","43,951,264.00"
253,2021-01-10,275.00,291.00,275.00,290.00,5.07,"234,078.00","67,348,039.00"
254,2021-01-07,277.00,277.00,270.00,276.00,1.47,"124,222.00","34,055,710.00"
255,2021-01-06,271.00,273.00,266.00,272.00,1.12,"124,685.00","33,822,535.00"
256,2021-01-05,260.00,273.00,260.00,269.00,1.51,"96,271.00","25,798,529.00"
257,2021-01-04,270.00,276.00,265.00,265.00,-1.85,"153,625.00","41,485,402.00"
258,2021-01-03,254.00,270.00,254.00,270.00,6.30,"188,960.00","49,909,248.00"
259,2020-12-31,250.00,256.00,250.00,254.00,2.01,"96,547.00","24,576,779.00"
260,2020-12-30,250.00,254.00,249.00,249.00,-0.40,"52,966.00","13,237,998.00"
261,2020-12-29,250.00,253.00,248.00,250.00,0.00,"50,840.00","12,704,549.00"
262,2020-12-28,253.00,253.00,248.00,250.00,0.00,"64,025.00","16,056,339.00"
263,2020-12-27,255.00,256.00,249.00,250.00,-1.96,"73,549.00","18,475,221.00"
264,2020-12-24,250.00,257.00,248.00,255.00,0.39,"73,003.00","18,501,610.00"
265,2020-12-23,255.00,257.00,251.00,254.00,1.60,"121,046.00","30,830,962.00"
266,2020-12-22,244.00,250.00,243.00,250.00,4.17,"73,190.00","18,092,632.00"
267,2020-12-21,240.00,249.00,236.00,240.00,-1.23,"95,908.00","23,001,675.00"
268,2020-12-20,255.00,255.00,242.00,243.00,-3.19,"94,173.00","23,025,366.00"
269,2020-12-17,252.00,256.00,251.00,251.00,-0.40,"82,743.00","20,930,424.00"
270,2020-12-16,250.00,254.00,248.00,252.00,-0.40,"41,487.00","10,476,896.00"
271,2020-12-15,255.00,257.00,250.00,253.00,0.00,"62,682.00","15,828,104.00"
272,2020-12-14,256.00,258.00,253.00,253.00,-0.39,"99,978.00","25,515,464.00"
273,2020-12-13,249.00,254.00,246.00,254.00,3.67,"73,857.00","18,526,262.00"
274,2020-12-10,246.00,250.00,245.00,245.00,-1.21,"46,399.00","11,440,497.00"
275,2020-12-09,252.00,252.00,247.00,248.00,-1.20,"85,008.00","21,121,243.00"
276,2020-12-08,256.00,256.00,250.00,251.00,-0.79,"67,927.00","17,100,818.00"
277,2020-12-07,247.00,261.00,247.00,253.00,0.40,"89,594.00","22,588,031.00"
278,2020-12-06,256.00,260.00,250.00,252.00,-3.45,"72,643.00","18,523,639.00"
279,2020-12-03,265.00,269.00,259.00,261.00,-1.51,"98,576.00","25,810,754.00"
280,2020-12-02,265.00,268.00,262.00,265.00,0.00,"112,630.00","29,744,552.00"
281,2020-12-01,275.00,276.00,265.00,265.00,-2.57,"130,179.00","35,052,367.00"
282,2020-11-30,285.00,300.00,270.00,272.00,-2.86,"203,426.00","57,065,229.00"
283,2020-11-29,261.00,282.00,257.00,280.00,8.95,"325,530.00","87,737,949.00"
284,2020-11-26,257.00,262.00,253.00,257.00,1.58,"138,258.00","35,613,254.00"
285,2020-11-25,255.00,255.00,247.00,253.00,1.20,"141,772.00","35,591,893.00"
286,2020-11-24,253.00,257.00,249.00,250.00,-1.19,"130,506.00","32,702,840.00"
287,2020-11-23,266.00,266.00,251.00,253.00,-0.39,"95,251.00","24,079,650.00"
288,2020-11-22,264.00,264.00,250.00,254.00,0.79,"118,560.00","30,186,485.00"
289,2020-11-19,253.00,255.00,251.00,252.00,-1.18,"117,116.00","29,559,976.00"
290,2020-11-18,263.00,263.00,253.00,255.00,-2.67,"103,991.00","26,576,595.00"
291,2020-11-12,295.00,300.00,292.00,296.00,1.37,"403,162.00","119,509,586.00"
292,2020-11-11,291.00,293.00,291.00,292.00,0.34,"166,822.00","48,717,855.00"
293,2020-11-10,295.00,295.00,290.00,291.00,0.00,"92,014.00","26,880,089.00"
294,2020-11-09,298.00,298.00,291.00,291.00,-2.02,"117,724.00","34,550,773.00"
295,2020-11-08,300.00,301.00,292.00,297.00,3.48,"354,445.00","104,820,609.00"
296,2020-11-05,282.00,288.00,280.00,287.00,2.14,"127,669.00","36,408,760.00"
297,2020-11-04,283.00,285.00,281.00,281.00,-0.35,"51,610.00","14,555,252.00"
298,2020-11-03,282.00,283.00,280.00,282.00,0.00,"44,213.00","12,461,941.00"
299,2020-11-02,287.00,287.00,281.00,282.00,-1.40,"49,561.00","14,004,651.00"
300,2020-11-01,291.00,291.00,282.00,286.00,-0.35,"73,910.00","21,090,188.00"
301,2020-10-29,290.00,294.00,284.00,287.00,-0.35,"201,489.00","58,045,850.00"
302,2020-10-28,285.00,288.00,280.00,288.00,3.23,"204,148.00","58,014,558.00"
303,2020-10-22,280.00,282.00,275.00,279.00,0.36,"66,361.00","18,494,932.00"
304,2020-10-21,279.00,279.00,276.00,278.00,1.09,"42,565.00","11,797,923.00"
305,2020-10-20,275.00,275.00,273.00,275.00,0.73,"28,220.00","7,733,334.00"
306,2020-10-19,272.00,275.00,272.00,273.00,0.00,"26,087.00","7,127,332.00"
307,2020-10-18,278.00,278.00,273.00,273.00,0.00,"36,893.00","10,093,956.00"
308,2020-10-15,287.00,287.00,272.00,273.00,-0.36,"54,349.00","14,900,964.00"
309,2020-10-14,270.00,274.00,270.00,274.00,0.37,"55,428.00","15,114,118.00"
310,2020-10-13,278.00,278.00,270.00,273.00,0.00,"42,735.00","11,659,181.00"
311,2020-10-12,272.00,275.00,271.00,273.00,0.00,"41,566.00","11,334,133.00"
312,2020-10-11,276.00,276.00,272.00,273.00,-0.73,"47,452.00","12,989,599.00"
313,2020-10-08,275.00,279.00,274.00,275.00,-0.36,"114,037.00","31,534,862.00"
314,2020-10-07,285.00,285.00,272.00,276.00,0.36,"129,951.00","35,759,157.00"
315,2020-10-06,281.00,281.00,274.00,275.00,-1.08,"82,574.00","22,823,461.00"
316,2020-10-05,282.00,282.00,276.00,278.00,-0.71,"81,855.00","22,792,395.00"
317,2020-10-04,290.00,295.00,278.00,280.00,-0.71,"261,807.00","74,745,187.00"
318,2020-10-01,265.00,283.00,265.00,282.00,9.30,"535,005.00","147,656,039.00"
319,2020-09-30,263.00,264.00,258.00,258.00,-1.53,"54,273.00","14,157,212.00"
320,2020-09-29,260.00,263.00,260.00,262.00,-0.38,"42,015.00","10,999,367.00"
321,2020-09-28,267.00,267.00,260.00,263.00,0.38,"71,209.00","18,676,940.00"
322,2020-09-27,255.00,264.00,255.00,262.00,1.16,"69,232.00","18,071,783.00"
323,2020-09-24,259.00,261.00,258.00,259.00,-1.15,"58,514.00","15,198,269.00"
324,2020-09-23,258.00,266.00,255.00,262.00,1.95,"99,383.00","25,860,305.00"
325,2020-09-22,275.00,275.00,253.00,257.00,-3.75,"128,552.00","33,347,408.00"
326,2020-09-21,263.00,274.00,258.00,267.00,1.52,"210,604.00","56,047,774.00"
327,2020-09-20,254.00,268.00,254.00,263.00,3.54,"144,915.00","38,189,282.00"
328,2020-09-17,259.00,259.00,247.00,254.00,2.83,"124,827.00","31,534,742.00"
329,2020-09-16,250.00,251.00,246.00,247.00,-1.20,"68,178.00","16,934,277.00"
330,2020-09-15,253.00,257.00,248.00,250.00,0.40,"158,056.00","39,684,136.00"
331,2020-09-14,240.00,253.00,238.00,249.00,4.62,"268,438.00","66,389,108.00"
332,2020-09-13,233.00,239.00,232.00,238.00,1.71,"86,811.00","20,495,034.00"
333,2020-09-10,242.00,242.00,232.00,234.00,1.30,"51,183.00","12,001,405.00"
334,2020-09-09,230.00,233.00,230.00,231.00,-0.86,"21,531.00","4,972,754.00"
335,2020-09-08,231.00,235.00,229.00,233.00,0.43,"40,771.00","9,438,230.00"
336,2020-09-07,235.00,236.00,231.00,232.00,-1.69,"33,122.00","7,702,966.00"
337,2020-09-06,246.00,246.00,235.00,236.00,0.43,"73,171.00","17,390,893.00"
338,2020-09-03,233.00,239.00,233.00,235.00,-0.42,"43,792.00","10,282,342.00"
339,2020-09-02,234.00,240.00,232.00,236.00,1.72,"47,839.00","11,222,656.00"
340,2020-08-31,233.00,233.00,229.00,232.00,0.00,"41,994.00","9,704,362.00"
341,2020-08-30,230.00,232.00,228.00,232.00,0.00,"21,178.00","4,874,824.00"
342,2020-08-27,237.00,237.00,230.00,232.00,-0.43,"32,327.00","7,514,669.00"
343,2020-08-26,227.00,238.00,227.00,233.00,1.75,"60,700.00","14,096,046.00"
344,2020-08-25,230.00,231.00,227.00,229.00,0.44,"24,183.00","5,523,281.00"
345,2020-08-24,228.00,228.00,225.00,228.00,1.33,"24,846.00","5,650,426.00"
346,2020-08-23,222.00,226.00,221.00,225.00,0.45,"13,733.00","3,067,274.00"
347,2020-08-20,219.00,225.00,219.00,224.00,1.36,"9,065.00","2,018,855.00"
348,2020-08-19,223.00,224.00,221.00,221.00,-1.78,"31,853.00","7,066,827.00"
349,2020-08-18,228.00,228.00,224.00,225.00,-1.32,"44,485.00","10,038,452.00"
350,2020-08-17,226.00,230.00,225.00,228.00,0.88,"42,580.00","9,648,141.00"
351,2020-08-16,222.00,227.00,220.00,226.00,0.44,"39,493.00","8,858,056.00"
352,2020-08-13,225.00,227.00,222.00,225.00,-1.32,"37,044.00","8,335,061.00"
353,2020-08-12,216.00,228.00,216.00,228.00,0.44,"51,010.00","11,480,802.00"
354,2020-08-11,229.00,232.00,225.00,227.00,-0.87,"27,005.00","6,112,347.00"
355,2020-08-10,224.00,229.00,224.00,229.00,2.23,"30,868.00","6,994,692.00"
356,2020-08-09,219.00,225.00,216.00,224.00,0.90,"14,772.00","3,274,406.00"
357,2020-08-06,219.00,223.00,217.00,222.00,0.45,"13,961.00","3,075,768.00"
358,2020-08-05,231.00,231.00,220.00,221.00,-3.91,"43,245.00","9,620,628.00"
359,2020-08-03,225.00,234.00,220.00,230.00,0.88,"18,122.00","4,120,233.00"
360,2020-08-02,232.00,232.00,225.00,228.00,-3.39,"34,540.00","7,908,127.00"
361,2020-07-30,235.00,236.00,230.00,236.00,0.00,"34,010.00","7,926,418.00"
362,2020-07-29,242.00,242.00,233.00,236.00,-1.67,"33,389.00","7,864,926.00"
363,2020-07-28,240.00,243.00,237.00,240.00,-0.41,"42,399.00","10,188,687.00"
364,2020-07-27,238.00,244.00,236.00,241.00,1.69,"49,268.00","11,853,864.00"
365,2020-07-26,237.00,240.00,232.00,237.00,1.28,"26,608.00","6,284,429.00"
366,2020-07-23,235.00,235.00,229.00,234.00,0.43,"39,064.00","9,105,169.00"
367,2020-07-22,240.00,243.00,232.00,233.00,-1.69,"26,698.00","6,282,976.00"
368,2020-07-21,239.00,247.00,235.00,237.00,-2.47,"54,494.00","13,026,704.00"
369,2020-07-20,248.00,260.00,237.00,243.00,2.53,"126,703.00","31,535,776.00"
370,2020-07-19,229.00,237.00,229.00,237.00,5.33,311.00,"71,571.00"
371,2020-07-16,220.00,227.00,220.00,225.00,2.74,"24,081.00","5,399,042.00"
372,2020-07-15,220.00,222.00,216.00,219.00,1.39,"34,236.00","7,521,993.00"
373,2020-07-14,215.00,217.00,213.00,216.00,0.93,"15,159.00","3,258,665.00"
374,2020-07-13,218.00,220.00,214.00,214.00,-1.83,"16,101.00","3,482,304.00"
375,2020-07-12,220.00,226.00,216.00,218.00,0.00,"13,658.00","2,991,834.00"
376,2020-07-09,212.00,220.00,212.00,218.00,1.40,"7,122.00","1,538,561.00"
377,2020-07-08,216.00,217.00,211.00,215.00,0.00,"22,101.00","4,717,946.00"
378,2020-07-07,215.00,222.00,213.00,215.00,0.47,"32,599.00","7,052,559.00"
379,2020-07-06,208.00,214.00,207.00,214.00,2.88,"22,181.00","4,650,554.00"
380,2020-07-05,212.00,216.00,205.00,208.00,-2.80,"33,046.00","6,918,492.00"
381,2020-07-02,230.00,230.00,212.00,214.00,-6.55,"5,404.00","1,181,263.00"
382,2020-07-01,218.00,230.00,218.00,229.00,5.53,"5,311.00","1,200,807.00"
383,2020-06-30,196.00,217.00,196.00,217.00,5.34,"2,985.00","623,856.00"
384,2020-05-13,208.00,208.00,206.00,206.00,-2.83,70.00,"14,520.00"
385,2020-05-12,214.00,214.00,212.00,212.00,-2.75,154.00,"32,848.00"
386,2020-03-22,219.00,226.00,213.00,218.00,-2.24,"10,899.00","2,344,645.00"
387,2020-03-19,218.00,225.00,212.00,223.00,0.45,"56,951.00","12,540,780.00"
388,2020-03-18,223.00,225.00,216.00,222.00,0.00,"51,511.00","11,341,497.00"
389,2020-03-17,225.00,229.00,220.00,222.00,-2.63,"65,453.00","14,581,659.00"
390,2020-03-16,228.00,239.00,227.00,228.00,-1.30,"67,639.00","15,602,739.00"
391,2020-03-15,236.00,236.00,229.00,231.00,-3.35,"62,356.00","14,440,630.00"
392,2020-03-12,245.00,249.00,236.00,239.00,-4.02,"55,965.00","13,494,463.00"
393,2020-03-11,236.00,249.00,229.00,249.00,7.33,"60,976.00","14,539,271.00"
394,2020-03-10,244.00,245.00,231.00,232.00,-6.45,"28,949.00","6,839,059.00"
395,2020-03-05,246.00,252.00,236.00,248.00,-0.40,"47,257.00","11,627,264.00"
396,2020-03-04,260.00,260.00,245.00,249.00,-4.23,"80,872.00","20,423,468.00"
397,2020-03-03,255.00,274.00,250.00,260.00,0.00,"75,286.00","19,689,144.00"
398,2020-03-02,277.00,280.00,260.00,260.00,-6.14,"79,661.00","21,335,508.00"
399,2020-03-01,286.00,296.00,277.00,277.00,-2.46,"146,992.00","42,034,264.00"
400,2020-02-27,269.00,295.00,268.00,284.00,3.65,"129,851.00","36,430,348.00"
401,2020-02-26,265.00,275.00,263.00,274.00,4.58,"98,438.00","26,600,234.00"
402,2020-02-25,260.00,263.00,251.00,262.00,0.77,"54,933.00","14,274,770.00"
403,2020-02-24,263.00,271.00,258.00,260.00,0.78,"161,312.00","42,796,012.00"
404,2020-02-23,240.00,260.00,240.00,258.00,8.86,"124,124.00","31,190,992.00"
405,2020-02-20,236.00,240.00,236.00,237.00,0.42,"46,320.00","11,014,242.00"
406,2020-02-19,237.00,240.00,236.00,236.00,-1.67,"43,799.00","10,402,679.00"
407,2020-02-18,245.00,249.00,237.00,240.00,-0.41,"48,031.00","11,598,545.00"
408,2020-02-17,237.00,241.00,235.00,241.00,3.43,"48,896.00","11,670,658.00"
409,2020-02-16,232.00,234.00,231.00,233.00,0.43,"20,609.00","4,789,131.00"
410,2020-02-13,233.00,234.00,230.00,232.00,-0.85,"23,923.00","5,548,241.00"
411,2020-02-12,240.00,240.00,233.00,234.00,-1.27,"25,498.00","5,988,071.00"
412,2020-02-11,234.00,238.00,232.00,237.00,3.04,"48,409.00","11,350,233.00"
413,2020-02-10,234.00,234.00,227.00,230.00,-0.43,"22,931.00","5,279,967.00"
414,2020-02-09,234.00,234.00,228.00,231.00,-2.12,"21,351.00","4,915,285.00"
415,2020-02-06,233.00,236.00,233.00,236.00,0.00,"11,140.00","2,608,544.00"
416,2020-02-05,237.00,238.00,234.00,236.00,-0.84,"8,198.00","1,937,418.00"
417,2020-02-04,245.00,245.00,237.00,238.00,-1.65,"30,002.00","7,174,126.00"
418,2020-02-03,242.00,246.00,239.00,242.00,1.26,"43,867.00","10,583,590.00"
419,2020-02-02,235.00,240.00,233.00,239.00,3.46,"40,976.00","9,740,272.00"
420,2020-01-30,230.00,235.00,228.00,231.00,0.43,"44,538.00","10,269,093.00"
421,2020-01-29,233.00,233.00,228.00,230.00,0.44,"24,230.00","5,561,966.00"
422,2020-01-28,236.00,237.00,229.00,229.00,-2.55,"17,589.00","4,073,652.00"
423,2020-01-27,228.00,235.00,226.00,235.00,3.98,"15,809.00","3,638,270.00"
424,2020-01-26,228.00,234.00,225.00,226.00,-1.74,"11,152.00","2,529,200.00"
425,2020-01-23,239.00,239.00,227.00,230.00,-2.13,"16,722.00","3,847,242.00"
426,2020-01-22,235.00,239.00,231.00,235.00,-1.26,"22,363.00","5,230,379.00"
427,2020-01-21,240.00,240.00,237.00,238.00,0.00,"25,239.00","6,009,248.00"
428,2020-01-20,251.00,251.00,236.00,238.00,-3.64,"33,432.00","8,110,946.00"
429,2020-01-19,245.00,252.00,245.00,247.00,1.23,"40,375.00","10,011,535.00"
430,2020-01-16,240.00,244.00,236.00,244.00,3.39,"47,849.00","11,480,281.00"
431,2020-01-15,232.00,241.00,230.00,236.00,2.61,"36,761.00","8,639,413.00"
432,2020-01-14,234.00,236.00,226.00,230.00,-0.86,"19,041.00","4,398,217.00"
433,2020-01-13,235.00,238.00,231.00,232.00,0.00,"45,542.00","10,666,959.00"
434,2020-01-12,226.00,232.00,226.00,232.00,3.11,"29,950.00","6,855,927.00"
435,2020-01-09,225.00,228.00,221.00,225.00,-0.44,"22,613.00","5,039,105.00"
436,2020-01-08,226.00,228.00,222.00,226.00,0.00,"34,835.00","7,828,180.00"
437,2020-01-07,223.00,229.00,223.00,226.00,1.35,"50,633.00","11,431,748.00"
438,2020-01-06,218.00,225.00,218.00,223.00,2.76,"39,515.00","8,707,497.00"
439,2020-01-05,215.00,218.00,215.00,217.00,1.40,"18,212.00","3,942,436.00"
440,2020-01-02,215.00,215.00,211.00,214.00,-0.47,"39,203.00","8,331,307.00"
441,2020-01-01,217.00,217.00,213.00,215.00,0.00,"9,011.00","1,923,445.00"
442,2019-12-31,217.00,217.00,213.00,215.00,0.00,"9,787.00","2,093,470.00"
443,2019-12-30,217.00,217.00,212.00,215.00,0.94,"5,778.00","1,232,655.00"
444,2019-12-29,218.00,218.00,213.00,213.00,-0.93,"18,116.00","3,880,218.00"
445,2019-12-26,216.00,216.00,214.00,215.00,0.94,"6,350.00","1,363,345.00"
446,2019-12-25,217.00,217.00,213.00,213.00,-1.84,"17,165.00","3,689,974.00"
447,2019-12-24,219.00,220.00,216.00,217.00,-0.46,"5,198.00","1,130,977.00"
448,2019-12-23,216.00,219.00,216.00,218.00,0.93,"9,370.00","2,036,091.00"
449,2019-12-22,213.00,217.00,213.00,216.00,0.93,"9,092.00","1,960,637.00"
450,2019-12-19,220.00,220.00,214.00,214.00,-1.38,"15,344.00","3,304,081.00"
451,2019-12-18,220.00,220.00,215.00,217.00,0.46,"5,157.00","1,113,238.00"
452,2019-12-17,217.00,220.00,216.00,216.00,-0.46,"5,475.00","1,196,302.00"
453,2019-12-16,221.00,221.00,216.00,217.00,-2.25,"2,806.00","611,123.00"
454,2019-12-15,220.00,223.00,218.00,222.00,1.83,"20,827.00","4,583,887.00"
455,2019-12-12,220.00,220.00,216.00,218.00,0.00,"9,514.00","2,074,004.00"
456,2019-12-11,219.00,219.00,217.00,218.00,-0.46,"5,814.00","1,269,802.00"
457,2019-12-10,222.00,222.00,218.00,219.00,0.00,"13,419.00","2,943,216.00"
458,2019-12-09,215.00,219.00,214.00,219.00,1.39,"21,324.00","4,598,611.00"
459,2019-12-08,218.00,218.00,213.00,216.00,0.47,"7,387.00","1,584,205.00"
460,2019-12-05,214.00,217.00,214.00,215.00,0.00,"6,864.00","1,475,672.00"
461,2019-12-04,216.00,216.00,213.00,215.00,0.00,"9,012.00","1,931,514.00"
462,2019-12-03,213.00,215.00,212.00,215.00,0.94,"11,414.00","2,427,350.00"
463,2019-12-02,215.00,215.00,212.00,213.00,0.47,"6,009.00","1,277,281.00"
464,2019-12-01,212.00,213.00,210.00,212.00,0.47,"21,546.00","4,547,596.00"
465,2019-11-28,215.00,216.00,211.00,211.00,-2.76,"8,624.00","1,838,865.00"
466,2019-11-27,215.00,217.00,213.00,217.00,0.93,"8,732.00","1,875,814.00"
467,2019-11-26,215.00,215.00,213.00,215.00,0.00,"6,407.00","1,371,583.00"
468,2019-11-25,210.00,218.00,210.00,215.00,0.94,"10,458.00","2,224,623.00"
469,2019-11-24,215.00,215.00,212.00,213.00,-1.84,"18,514.00","3,945,768.00"
470,2019-11-21,215.00,217.00,214.00,217.00,0.00,"8,952.00","1,925,196.00"
471,2019-11-20,216.00,218.00,215.00,217.00,0.46,"6,300.00","1,360,681.00"
472,2019-11-19,218.00,219.00,216.00,216.00,-0.92,"4,045.00","876,447.00"
473,2019-11-18,221.00,221.00,212.00,218.00,-1.36,"15,274.00","3,302,123.00"
474,2019-11-17,223.00,223.00,219.00,221.00,-1.78,"9,329.00","2,054,573.00"
475,2019-11-14,221.00,225.00,220.00,225.00,1.35,"9,975.00","2,209,638.00"
476,2019-11-13,222.00,223.00,221.00,222.00,0.00,"13,676.00","3,030,408.00"
477,2019-11-12,225.00,225.00,222.00,222.00,-2.20,"12,357.00","2,758,766.00"
478,2019-11-11,228.00,228.00,222.00,227.00,0.89,"16,415.00","3,687,107.00"
479,2019-11-10,226.00,226.00,220.00,225.00,-0.88,"14,535.00","3,260,625.00"
480,2019-11-07,228.00,228.00,222.00,227.00,0.00,"20,873.00","4,686,051.00"
481,2019-11-06,229.00,229.00,225.00,227.00,0.44,"8,381.00","1,893,720.00"
482,2019-11-05,226.00,227.00,225.00,226.00,0.00,"9,455.00","2,136,790.00"
483,2019-11-04,224.00,226.00,224.00,226.00,0.44,"5,418.00","1,220,471.00"
484,2019-11-03,227.00,233.00,224.00,225.00,0.45,"12,580.00","2,868,152.00"
485,2019-10-31,227.00,230.00,223.00,224.00,-1.32,"9,702.00","2,185,649.00"
486,2019-10-24,231.00,231.00,227.00,227.00,-0.87,"12,361.00","2,829,229.00"
487,2019-10-23,223.00,230.00,223.00,229.00,0.88,"15,733.00","3,535,951.00"
488,2019-10-22,226.00,228.00,226.00,227.00,0.44,"3,196.00","725,770.00"
489,2019-10-21,226.00,228.00,222.00,226.00,0.00,"18,427.00","4,147,437.00"
490,2019-10-20,227.00,227.00,226.00,226.00,-0.44,"5,992.00","1,356,864.00"
491,2019-10-17,228.00,228.00,226.00,227.00,0.00,"15,319.00","3,476,883.00"
492,2019-10-16,230.00,230.00,227.00,227.00,-2.58,"11,842.00","2,711,743.00"
493,2019-10-15,231.00,233.00,230.00,233.00,0.00,"7,065.00","1,632,490.00"
494,2019-10-14,237.00,237.00,233.00,233.00,-2.92,"4,910.00","1,147,285.00"
495,2019-10-10,236.00,240.00,234.00,240.00,1.69,"3,250.00","769,350.00"
496,2019-10-03,250.00,250.00,231.00,236.00,-3.78,"12,750.00","3,004,656.00"
497,2019-10-02,264.00,264.00,259.00,260.00,0.39,"73,794.00","19,182,134.00"
498,2019-10-01,255.00,259.00,253.00,259.00,1.57,"10,895.00","2,798,660.00"
499,2019-09-30,249.00,255.00,248.00,255.00,2.00,"17,798.00","4,485,682.00"
500,2019-09-29,255.00,255.00,248.00,250.00,0.00,"14,047.00","3,506,915.00"
501,2019-09-26,252.00,254.00,250.00,250.00,-0.40,"12,535.00","3,151,032.00"
502,2019-09-25,250.00,255.00,249.00,251.00,1.21,"20,357.00","5,136,851.00"
503,2019-09-24,249.00,250.00,248.00,248.00,-0.80,"11,428.00","2,844,296.00"
504,2019-09-23,250.00,253.00,247.00,250.00,0.00,"8,143.00","2,027,805.00"
505,2019-09-22,254.00,254.00,250.00,250.00,-2.72,"10,219.00","2,562,032.00"
506,2019-09-19,262.00,262.00,257.00,257.00,-0.39,"7,803.00","2,020,271.00"
507,2019-09-18,260.00,260.00,256.00,258.00,0.39,"12,029.00","3,103,477.00"
508,2019-09-17,252.00,258.00,250.00,257.00,2.80,"10,862.00","2,764,783.00"
509,2019-09-16,254.00,254.00,249.00,250.00,-1.96,"16,906.00","4,237,921.00"
510,2019-09-15,251.00,256.00,250.00,255.00,0.00,"20,365.00","5,117,889.00"
511,2019-09-12,253.00,258.00,251.00,255.00,0.00,"26,346.00","6,699,960.00"
512,2019-09-11,254.00,257.00,254.00,255.00,0.00,"9,238.00","2,361,738.00"
513,2019-09-10,257.00,258.00,254.00,255.00,-0.39,"22,770.00","5,804,802.00"
514,2019-09-09,258.00,258.00,255.00,256.00,-0.78,"13,221.00","3,395,037.00"
515,2019-09-08,256.00,259.00,256.00,258.00,-1.15,"11,905.00","3,066,087.00"
516,2019-09-05,261.00,264.00,259.00,261.00,0.00,"24,163.00","6,322,094.00"
517,2019-09-04,257.00,262.00,256.00,261.00,0.38,"20,107.00","5,229,008.00"
518,2019-09-03,253.00,260.00,250.00,260.00,2.77,"19,078.00","4,854,896.00"
519,2019-09-02,253.00,257.00,251.00,253.00,0.40,"24,852.00","6,289,265.00"
520,2019-09-01,256.00,256.00,252.00,252.00,-0.40,"12,889.00","3,260,276.00"
521,2019-08-29,253.00,258.00,252.00,253.00,-0.39,"19,180.00","4,873,870.00"
522,2019-08-28,255.00,257.00,254.00,254.00,-1.17,"18,194.00","4,651,476.00"
523,2019-08-27,257.00,259.00,257.00,257.00,0.39,"12,231.00","3,152,965.00"
524,2019-08-26,256.00,260.00,255.00,256.00,-0.78,"6,272.00","1,606,250.00"
525,2019-08-25,255.00,258.00,255.00,258.00,0.00,"9,099.00","2,325,636.00"
526,2019-08-22,258.00,260.00,256.00,258.00,0.78,"19,709.00","5,060,760.00"
527,2019-08-21,255.00,260.00,255.00,256.00,-0.78,"15,612.00","3,999,510.00"
528,2019-08-20,263.00,268.00,257.00,258.00,-0.77,"6,193.00","1,598,239.00"
529,2019-08-19,262.00,262.00,256.00,260.00,0.78,"11,404.00","2,948,552.00"
530,2019-08-18,256.00,260.00,255.00,258.00,0.78,"16,439.00","4,207,863.00"
531,2019-08-15,260.00,260.00,255.00,256.00,-0.39,"20,551.00","5,253,193.00"
532,2019-08-14,262.00,262.00,257.00,257.00,-1.53,"9,445.00","2,449,557.00"
533,2019-08-13,264.00,264.00,260.00,261.00,0.38,"7,251.00","1,887,593.00"
534,2019-08-12,264.00,264.00,260.00,260.00,0.00,"6,705.00","1,749,124.00"
535,2019-08-11,261.00,263.00,258.00,260.00,-1.52,"25,897.00","6,741,522.00"
536,2019-08-08,265.00,265.00,262.00,264.00,0.76,"19,073.00","5,011,263.00"
537,2019-08-07,256.00,262.00,256.00,262.00,0.77,"7,987.00","2,083,020.00"
538,2019-08-06,261.00,261.00,259.00,260.00,0.00,"12,218.00","3,171,090.00"
539,2019-08-05,261.00,265.00,260.00,260.00,-1.52,"25,061.00","6,554,560.00"
540,2019-08-04,269.00,269.00,262.00,264.00,-0.38,"8,124.00","2,142,845.00"
541,2019-08-01,270.00,270.00,265.00,265.00,-1.12,"14,079.00","3,751,778.00"
542,2019-07-31,268.00,270.00,265.00,268.00,0.00,"11,732.00","3,149,557.00"
543,2019-07-30,270.00,270.00,266.00,268.00,0.37,"12,562.00","3,354,707.00"
544,2019-07-29,265.00,267.00,264.00,267.00,1.91,"22,293.00","5,913,346.00"
545,2019-07-28,270.00,270.00,261.00,262.00,-2.60,"20,846.00","5,494,134.00"
546,2019-07-25,274.00,275.00,265.00,269.00,-1.82,"17,541.00","4,749,840.00"
547,2019-07-24,270.00,275.00,269.00,274.00,2.24,"37,346.00","10,177,327.00"
548,2019-07-23,265.00,269.00,265.00,268.00,1.13,"17,103.00","4,575,339.00"
549,2019-07-22,263.00,266.00,263.00,265.00,-0.38,"32,483.00","8,564,286.00"
550,2019-07-21,277.00,277.00,261.00,266.00,0.76,"8,726.00","2,302,322.00"
551,2019-07-18,278.00,278.00,263.00,264.00,-0.38,"7,766.00","2,053,619.00"
552,2019-07-17,257.00,265.00,257.00,265.00,3.92,"18,349.00","4,794,075.00"
553,2019-07-16,268.00,268.00,254.00,255.00,-0.39,"15,467.00","3,946,484.00"
554,2019-07-15,255.00,257.00,253.00,256.00,0.39,"20,422.00","5,211,158.00"
555,2019-07-14,260.00,260.00,254.00,255.00,-0.78,"7,750.00","1,981,442.00"
556,2019-07-11,257.00,258.00,255.00,257.00,0.00,"19,954.00","5,112,060.00"
557,2019-07-10,258.00,260.00,252.00,257.00,-0.39,"25,780.00","6,573,596.00"
558,2019-07-09,255.00,259.00,253.00,258.00,1.18,"19,765.00","5,056,216.00"
559,2019-07-08,258.00,258.00,255.00,255.00,-1.92,"15,894.00","4,074,890.00"
560,2019-07-07,265.00,265.00,258.00,260.00,-1.14,"29,105.00","7,566,940.00"
561,2019-07-04,265.00,265.00,263.00,263.00,-0.75,"15,905.00","4,196,688.00"
562,2019-07-03,265.00,268.00,260.00,265.00,0.76,"22,173.00","5,828,401.00"
563,2019-07-02,257.00,263.00,256.00,263.00,1.54,"19,122.00","4,940,549.00"
564,2019-07-01,259.00,260.00,257.00,259.00,-0.77,"24,232.00","6,262,456.00"
565,2019-06-30,265.00,265.00,260.00,261.00,-1.51,"20,561.00","5,370,434.00"
566,2019-06-27,267.00,271.00,263.00,265.00,-0.38,"12,681.00","3,360,945.00"
567,2019-06-26,265.00,266.00,261.00,266.00,0.00,"33,623.00","8,832,148.00"
568,2019-06-25,266.00,266.00,261.00,266.00,0.00,"21,939.00","5,781,227.00"
569,2019-06-24,273.00,273.00,260.00,266.00,-1.12,"55,783.00","14,609,689.00"
570,2019-06-23,264.00,269.00,260.00,269.00,1.51,"21,559.00","5,644,649.00"
571,2019-06-20,266.00,266.00,260.00,265.00,0.38,"27,543.00","7,251,028.00"
572,2019-06-19,264.00,265.00,260.00,264.00,0.00,"16,204.00","4,240,832.00"
573,2019-06-18,270.00,270.00,261.00,264.00,0.00,"8,401.00","2,220,990.00"
574,2019-06-17,261.00,266.00,260.00,264.00,0.38,"25,863.00","6,753,073.00"
575,2019-06-16,260.00,263.00,258.00,263.00,-0.38,"23,525.00","6,106,263.00"
576,2019-06-13,264.00,265.00,260.00,264.00,0.38,"8,527.00","2,239,091.00"
577,2019-06-12,263.00,265.00,262.00,263.00,0.00,"10,424.00","2,739,653.00"
578,2019-06-11,261.00,265.00,261.00,263.00,-0.38,"14,585.00","3,848,653.00"
579,2019-06-10,265.00,269.00,264.00,264.00,-1.49,"21,371.00","5,676,401.00"
580,2019-06-06,268.00,270.00,267.00,268.00,0.00,"13,360.00","3,580,577.00"
581,2019-06-04,270.00,270.00,266.00,268.00,-0.74,"24,627.00","6,606,941.00"
582,2019-06-03,275.00,275.00,270.00,270.00,-0.37,"11,986.00","3,248,702.00"
583,2019-06-02,280.00,280.00,271.00,271.00,-2.17,"20,588.00","5,611,312.00"
584,2019-05-30,282.00,292.00,277.00,277.00,1.09,"48,912.00","13,772,066.00"
585,2019-05-29,277.00,277.00,272.00,274.00,0.74,"20,679.00","5,643,546.00"
586,2019-05-28,271.00,272.00,270.00,272.00,0.37,"14,003.00","3,790,906.00"
587,2019-05-27,276.00,276.00,271.00,271.00,0.00,"16,582.00","4,524,023.00"
588,2019-05-26,274.00,276.00,270.00,271.00,0.00,"60,691.00","16,548,444.00"
589,2019-05-23,280.00,280.00,271.00,271.00,-1.45,"19,064.00","5,207,131.00"
590,2019-05-22,276.00,279.00,275.00,275.00,-0.36,"23,839.00","6,573,338.00"
591,2019-05-21,275.00,283.00,273.00,276.00,0.00,"28,934.00","7,955,898.00"
592,2019-05-20,279.00,280.00,276.00,276.00,-1.08,"28,835.00","7,997,302.00"
593,2019-05-19,280.00,283.00,270.00,279.00,-0.36,"36,451.00","10,175,809.00"
594,2019-05-16,281.00,282.00,278.00,280.00,0.00,"22,792.00","6,380,657.00"
595,2019-05-15,277.00,285.00,277.00,280.00,1.08,"37,812.00","10,655,200.00"
596,2019-05-14,280.00,280.00,277.00,277.00,0.00,"12,736.00","3,551,304.00"
597,2019-05-13,277.00,280.00,272.00,277.00,1.09,"24,225.00","6,693,050.00"
598,2019-05-12,274.00,276.00,271.00,274.00,-0.72,"18,576.00","5,081,248.00"
599,2019-05-09,279.00,279.00,276.00,276.00,-1.43,"15,299.00","4,239,339.00"
600,2019-05-08,283.00,283.00,278.00,280.00,-1.06,"19,662.00","5,497,077.00"
601,2019-05-07,290.00,290.00,282.00,283.00,-2.41,"20,728.00","5,888,352.00"
602,2019-05-06,274.00,290.00,270.00,290.00,5.45,"24,411.00","6,752,356.00"
603,2019-05-05,280.00,284.00,275.00,275.00,-2.48,"20,379.00","5,662,257.00"
604,2019-05-02,283.00,285.00,280.00,282.00,-1.74,"15,151.00","4,280,666.00"
605,2019-04-30,290.00,290.00,280.00,287.00,-0.35,"14,760.00","4,199,310.00"
606,2019-04-29,286.00,291.00,283.00,288.00,-0.69,"30,547.00","8,778,039.00"
607,2019-04-28,297.00,297.00,290.00,290.00,-1.69,"47,933.00","14,010,282.00"
608,2019-04-25,295.00,299.00,290.00,295.00,1.03,"54,628.00","16,090,918.00"
609,2019-04-24,281.00,292.00,279.00,292.00,3.91,"51,577.00","14,766,584.00"
610,2019-04-23,282.00,284.00,277.00,281.00,1.44,"29,102.00","8,135,229.00"
611,2019-04-22,290.00,293.00,274.00,277.00,-3.82,"55,480.00","15,811,002.00"
612,2019-04-21,271.00,289.00,270.00,288.00,6.67,"42,416.00","11,746,682.00"
613,2019-04-18,269.00,272.00,265.00,270.00,1.12,"44,604.00","11,992,819.00"
614,2019-04-17,270.00,270.00,265.00,267.00,0.00,"29,479.00","7,861,982.00"
615,2019-04-16,266.00,267.00,263.00,267.00,1.52,"35,775.00","9,474,107.00"
616,2019-04-15,265.00,266.00,261.00,263.00,-0.38,"12,342.00","3,252,474.00"
617,2019-04-11,264.00,265.00,262.00,264.00,0.00,"36,383.00","9,561,697.00"
618,2019-04-10,258.00,265.00,255.00,264.00,2.33,"20,106.00","5,209,804.00"
619,2019-04-09,260.00,266.00,256.00,258.00,-1.15,"60,248.00","15,784,173.00"
620,2019-04-08,264.00,267.00,260.00,261.00,0.00,"61,511.00","16,249,693.00"
621,2019-04-07,249.00,261.00,249.00,261.00,4.82,"63,857.00","16,247,693.00"
622,2019-04-04,250.00,251.00,247.00,249.00,-0.40,"23,238.00","5,799,313.00"
623,2019-04-03,250.00,253.00,247.00,250.00,1.21,"39,793.00","9,944,816.00"
624,2019-04-02,244.00,249.00,244.00,247.00,1.65,"27,877.00","6,885,209.00"
625,2019-04-01,241.00,246.00,240.00,243.00,0.41,"41,588.00","10,041,915.00"
626,2019-03-31,244.00,245.00,240.00,242.00,0.41,"88,241.00","21,243,580.00"
627,2019-03-28,240.00,243.00,238.00,241.00,-0.41,"38,908.00","9,355,330.00"
628,2019-03-27,243.00,246.00,242.00,242.00,-0.41,"9,318.00","2,269,705.00"
629,2019-03-26,241.00,244.00,241.00,243.00,0.00,"9,380.00","2,278,514.00"
630,2019-03-25,242.00,245.00,242.00,243.00,0.00,"13,668.00","3,334,770.00"
631,2019-03-24,244.00,245.00,242.00,243.00,-0.41,"9,123.00","2,220,559.00"
632,2019-03-21,247.00,248.00,244.00,244.00,-0.81,"11,536.00","2,826,357.00"
633,2019-03-19,249.00,249.00,246.00,246.00,-0.81,"1,777.00","438,611.00"
634,2019-03-18,252.00,254.00,246.00,248.00,-1.20,"8,802.00","2,190,457.00"
635,2019-03-17,250.00,255.00,250.00,251.00,-0.40,"19,914.00","5,006,793.00"
636,2019-03-14,250.00,252.00,249.00,252.00,1.61,"8,376.00","2,098,836.00"
637,2019-03-13,257.00,257.00,248.00,248.00,-2.36,"14,613.00","3,680,528.00"
638,2019-03-12,251.00,254.00,249.00,254.00,1.20,"15,685.00","3,951,737.00"
639,2019-03-11,244.00,251.00,243.00,251.00,2.03,"11,422.00","2,832,847.00"
640,2019-03-10,245.00,246.00,242.00,246.00,0.00,"1,585.00","386,490.00"
641,2019-03-07,240.00,246.00,240.00,246.00,3.36,"12,427.00","2,994,495.00"
642,2019-03-06,238.00,239.00,235.00,238.00,0.42,"14,995.00","3,551,670.00"
643,2019-03-05,238.00,240.00,236.00,237.00,0.00,"5,923.00","1,406,052.00"
644,2019-03-03,240.00,240.00,236.00,237.00,-0.84,"12,436.00","2,958,964.00"
645,2019-02-27,237.00,242.00,237.00,239.00,-0.42,"8,663.00","2,077,890.00"
646,2019-02-26,244.00,244.00,238.00,240.00,0.00,"5,401.00","1,293,561.00"
647,2019-02-25,240.00,241.00,238.00,240.00,0.00,"24,949.00","5,978,590.00"
648,2019-02-24,254.00,254.00,240.00,240.00,-0.83,"8,050.00","1,948,554.00"
649,2019-02-21,242.00,246.00,241.00,242.00,0.00,"13,648.00","3,324,171.00"
650,2019-02-20,246.00,246.00,242.00,242.00,-0.82,"6,813.00","1,655,859.00"
651,2019-02-19,242.00,244.00,241.00,244.00,1.24,"9,316.00","2,259,351.00"
652,2019-02-18,241.00,242.00,240.00,241.00,0.42,"7,615.00","1,832,091.00"
653,2019-02-17,245.00,255.00,239.00,240.00,2.56,"33,065.00","8,111,532.00"
654,2019-02-14,240.00,240.00,232.00,234.00,-0.85,"11,271.00","2,640,114.00"
655,2019-02-13,241.00,241.00,234.00,236.00,-0.84,"9,259.00","2,187,387.00"
656,2019-02-12,244.00,244.00,237.00,238.00,-0.83,"6,577.00","1,571,480.00"
657,2019-02-11,239.00,240.00,231.00,240.00,-0.83,"18,388.00","4,331,481.00"
658,2019-02-10,245.00,245.00,241.00,242.00,-1.22,"8,121.00","1,969,431.00"
659,2019-02-07,246.00,250.00,245.00,245.00,-0.81,"5,755.00","1,421,012.00"
660,2019-02-06,250.00,250.00,244.00,247.00,0.00,"12,762.00","3,155,278.00"
661,2019-02-05,249.00,251.00,247.00,247.00,0.00,"9,221.00","2,297,225.00"
662,2019-02-04,250.00,250.00,247.00,247.00,-0.80,"8,683.00","2,161,091.00"
663,2019-02-03,253.00,253.00,247.00,249.00,-1.19,"24,242.00","6,043,852.00"
664,2019-01-31,252.00,254.00,252.00,252.00,-0.79,"7,673.00","1,941,300.00"
665,2019-01-30,250.00,254.00,250.00,254.00,0.79,"6,291.00","1,588,928.00"
666,2019-01-29,254.00,255.00,252.00,252.00,-0.79,"6,365.00","1,606,625.00"
667,2019-01-28,255.00,257.00,251.00,254.00,0.79,"8,451.00","2,134,640.00"
668,2019-01-27,257.00,257.00,252.00,252.00,-1.56,"14,814.00","3,750,662.00"
669,2019-01-24,257.00,257.00,255.00,256.00,0.00,"7,010.00","1,791,216.00"
670,2019-01-23,257.00,261.00,255.00,256.00,0.00,"11,216.00","2,879,266.00"
671,2019-01-22,259.00,260.00,256.00,256.00,-1.16,"6,951.00","1,790,122.00"
672,2019-01-21,263.00,263.00,255.00,259.00,-2.26,"8,360.00","2,151,253.00"
673,2019-01-20,264.00,265.00,260.00,265.00,0.38,"4,018.00","1,052,578.00"
674,2019-01-17,266.00,267.00,264.00,264.00,-0.38,"10,805.00","2,865,751.00"
675,2019-01-16,269.00,270.00,265.00,265.00,-1.85,"9,299.00","2,488,031.00"
676,2019-01-15,273.00,274.00,270.00,270.00,-1.46,"15,332.00","4,160,102.00"
677,2019-01-14,283.00,283.00,270.00,274.00,-5.06,"13,747.00","3,756,898.00"
678,2019-01-13,332.00,334.00,327.00,329.00,-0.90,"66,674.00","21,946,068.00"
679,2019-01-10,334.00,334.00,330.00,332.00,0.00,"34,671.00","11,494,051.00"
680,2019-01-09,335.00,335.00,329.00,332.00,0.00,"38,578.00","12,751,198.00"
681,2019-01-08,338.00,338.00,330.00,332.00,0.00,"40,103.00","13,291,303.00"
682,2019-01-07,334.00,334.00,330.00,332.00,1.22,"17,879.00","5,934,745.00"
683,2019-01-06,334.00,334.00,328.00,328.00,0.00,"19,988.00","6,589,741.00"
684,2019-01-03,333.00,333.00,328.00,328.00,-0.30,"8,526.00","2,810,866.00"
685,2019-01-02,328.00,330.00,326.00,329.00,-0.30,"10,591.00","3,472,808.00"
686,2019-01-01,331.00,333.00,330.00,330.00,0.00,"5,605.00","1,852,528.00"
687,2018-12-31,340.00,340.00,328.00,330.00,-1.20,"13,403.00","4,431,205.00"
688,2018-12-30,335.00,339.00,332.00,334.00,0.00,"25,365.00","8,494,317.00"
689,2018-12-27,341.00,345.00,334.00,334.00,-0.30,"29,160.00","9,808,993.00"
690,2018-12-26,337.00,339.00,332.00,335.00,1.21,"37,681.00","12,634,196.00"
691,2018-12-25,333.00,333.00,330.00,331.00,-0.30,"13,759.00","4,562,163.00"
692,2018-12-24,336.00,338.00,330.00,332.00,-1.19,"28,890.00","9,668,108.00"
693,2018-12-23,334.00,340.00,330.00,336.00,2.44,"41,879.00","13,993,506.00"
694,2018-12-20,330.00,331.00,326.00,328.00,0.61,"10,306.00","3,379,735.00"
695,2018-12-19,330.00,330.00,322.00,326.00,-0.61,"15,192.00","4,957,809.00"
696,2018-12-18,331.00,336.00,324.00,328.00,-0.91,"24,947.00","8,176,176.00"
697,2018-12-17,330.00,331.00,326.00,331.00,1.85,"21,560.00","7,079,963.00"
698,2018-12-16,321.00,328.00,321.00,325.00,5.18,"75,679.00","24,654,364.00"
699,2018-12-13,312.00,312.00,307.00,309.00,0.98,"9,523.00","2,944,139.00"
700,2018-12-12,306.00,308.00,305.00,306.00,-0.65,"4,155.00","1,273,571.00"
701,2018-12-11,310.00,312.00,307.00,308.00,-0.32,"3,618.00","1,117,738.00"
702,2018-12-10,310.00,314.00,308.00,309.00,0.32,"9,130.00","2,836,282.00"
703,2018-12-09,305.00,308.00,302.00,308.00,0.98,"7,850.00","2,383,548.00"
704,2018-12-06,303.00,305.00,298.00,305.00,1.33,"12,994.00","3,917,589.00"
705,2018-12-05,302.00,305.00,301.00,301.00,-2.27,"17,622.00","5,338,056.00"
706,2018-12-04,305.00,318.00,305.00,308.00,1.99,"8,136.00","2,497,567.00"
707,2018-12-03,302.00,309.00,302.00,302.00,0.00,"10,507.00","3,195,823.00"
708,2018-12-02,300.00,303.00,300.00,302.00,-0.66,"13,229.00","3,982,995.00"
709,2018-11-29,305.00,306.00,303.00,304.00,-0.98,"11,066.00","3,372,817.00"
710,2018-11-28,305.00,308.00,305.00,307.00,-0.32,"10,685.00","3,267,997.00"
711,2018-11-27,306.00,308.00,306.00,308.00,0.65,"15,856.00","4,876,912.00"
712,2018-11-26,310.00,310.00,305.00,306.00,-0.33,"10,122.00","3,105,724.00"
713,2018-11-25,309.00,309.00,305.00,307.00,-0.97,"9,974.00","3,057,070.00"
714,2018-11-22,313.00,313.00,310.00,310.00,-0.64,"11,355.00","3,533,169.00"
715,2018-11-21,310.00,313.00,310.00,312.00,0.65,"9,576.00","2,982,870.00"
716,2018-11-20,313.00,315.00,307.00,310.00,-0.64,"25,468.00","7,921,890.00"
717,2018-11-19,309.00,315.00,312.00,312.00,-0.95,"10,300.00","3,222,306.00"
718,2018-11-18,317.00,317.00,314.00,315.00,0.00,"2,737.00","861,989.00"
719,2018-11-15,319.00,319.00,315.00,315.00,-1.56,"7,358.00","2,337,283.00"
720,2018-11-14,315.00,321.00,315.00,320.00,1.27,"4,646.00","1,470,272.00"
721,2018-11-13,312.00,321.00,312.00,316.00,1.28,"7,306.00","2,308,624.00"
722,2018-11-12,312.00,317.00,309.00,312.00,-1.58,"3,366.00","1,047,135.00"
723,2018-11-11,320.00,320.00,316.00,317.00,-0.94,"2,930.00","930,340.00"
724,2018-11-06,317.00,321.00,314.00,320.00,0.95,"3,278.00","1,049,160.00"
725,2018-11-05,317.00,323.00,315.00,317.00,0.96,"6,199.00","1,974,250.00"
726,2018-11-04,312.00,317.00,312.00,314.00,-0.95,"9,573.00","3,007,591.00"
727,2018-11-01,316.00,323.00,315.00,317.00,0.00,"24,143.00","7,659,594.00"
728,2018-10-31,318.00,320.00,316.00,317.00,-0.94,"7,560.00","2,398,924.00"
729,2018-10-30,311.00,321.00,306.00,320.00,0.95,"19,728.00","6,241,646.00"
730,2018-10-29,315.00,319.00,309.00,317.00,-0.94,"19,710.00","6,205,899.00"
731,2018-10-28,328.00,329.00,319.00,320.00,-2.44,"15,715.00","5,051,927.00"
732,2018-10-25,330.00,331.00,328.00,328.00,-0.61,"15,684.00","5,168,869.00"
733,2018-10-24,329.00,332.00,325.00,330.00,0.30,"11,453.00","3,768,628.00"
734,2018-10-23,329.00,330.00,324.00,329.00,-1.20,"13,199.00","4,307,594.00"
735,2018-10-22,328.00,333.00,325.00,333.00,1.52,"4,012.00","1,318,258.00"
736,2018-10-21,325.00,330.00,325.00,328.00,0.31,"2,778.00","915,429.00"
737,2018-10-15,327.00,332.00,327.00,327.00,-0.61,"18,388.00","6,039,307.00"
738,2018-10-14,325.00,332.00,322.00,329.00,0.92,"13,392.00","4,370,935.00"
739,2018-10-11,315.00,326.00,314.00,326.00,3.16,"14,521.00","4,610,664.00"
740,2018-10-10,312.00,317.00,312.00,316.00,-0.32,"9,261.00","2,917,418.00"
741,2018-10-09,318.00,320.00,316.00,317.00,0.00,"12,556.00","3,994,705.00"
742,2018-10-08,311.00,317.00,311.00,317.00,0.96,"14,180.00","4,428,922.00"
743,2018-10-07,313.00,317.00,305.00,314.00,-0.32,"10,935.00","3,410,810.00"
744,2018-10-04,315.00,320.00,312.00,315.00,-0.63,"12,042.00","3,801,672.00"
745,2018-10-03,323.00,323.00,317.00,317.00,-1.86,"9,879.00","3,143,067.00"
746,2018-10-02,321.00,327.00,321.00,323.00,0.62,"10,527.00","3,412,449.00"
747,2018-10-01,328.00,328.00,320.00,321.00,-3.31,"14,419.00","4,667,263.00"
748,2018-09-30,330.00,332.00,326.00,332.00,0.00,"8,625.00","2,832,906.00"
749,2018-09-27,341.00,341.00,330.00,332.00,-1.48,"11,168.00","3,722,412.00"
750,2018-09-26,347.00,347.00,332.00,337.00,-0.59,"21,958.00","7,450,675.00"
751,2018-09-25,322.00,350.00,322.00,339.00,4.92,"34,984.00","11,757,946.00"
752,2018-09-23,318.00,325.00,318.00,325.00,1.88,"13,066.00","4,217,566.00"
753,2018-09-20,322.00,322.00,318.00,319.00,-0.93,"13,058.00","4,173,600.00"
754,2018-09-18,330.00,330.00,322.00,322.00,-0.92,"7,109.00","2,306,002.00"
755,2018-09-17,336.00,336.00,323.00,325.00,-1.52,"19,145.00","6,255,298.00"
756,2018-09-16,320.00,343.00,320.00,330.00,3.13,"40,118.00","13,198,956.00"
757,2018-09-13,317.00,320.00,311.00,320.00,2.89,"23,012.00","7,252,014.00"
758,2018-09-12,312.00,312.00,305.00,311.00,1.63,"6,503.00","2,004,156.00"
759,2018-09-11,307.00,313.00,304.00,306.00,1.66,"6,241.00","1,905,814.00"
760,2018-09-10,309.00,309.00,300.00,301.00,-0.66,"14,283.00","4,293,451.00"
761,2018-09-09,315.00,315.00,303.00,303.00,-2.26,"9,590.00","2,932,876.00"
762,2018-09-06,315.00,321.00,308.00,310.00,0.00,"35,836.00","11,217,256.00"
763,2018-09-05,308.00,316.00,302.00,310.00,2.65,"43,286.00","13,301,779.00"
764,2018-09-04,302.00,305.00,296.00,302.00,0.00,"29,560.00","8,835,221.00"
765,2018-09-03,302.00,305.00,297.00,302.00,1.68,"23,008.00","6,914,293.00"
766,2018-09-02,294.00,298.00,289.00,297.00,2.77,"13,889.00","4,083,246.00"
767,2018-08-30,288.00,291.00,287.00,289.00,0.00,"8,941.00","2,584,757.00"
768,2018-08-29,289.00,290.00,286.00,289.00,-0.34,"9,016.00","2,591,427.00"
769,2018-08-28,289.00,290.00,284.00,290.00,0.00,"13,833.00","3,947,673.00"
770,2018-08-26,275.00,290.00,275.00,290.00,3.94,"18,936.00","5,376,583.00"
771,2018-08-23,275.00,279.00,275.00,279.00,1.45,"14,168.00","3,917,236.00"
772,2018-08-22,279.00,279.00,270.00,275.00,0.37,"23,218.00","6,363,896.00"
773,2018-08-21,273.00,275.00,273.00,274.00,0.37,"12,342.00","3,382,410.00"
774,2018-08-20,271.00,274.00,271.00,273.00,-0.37,"3,642.00","990,859.00"
775,2018-08-19,278.00,283.00,274.00,274.00,0.37,"12,822.00","3,527,569.00"
776,2018-08-16,275.00,280.00,267.00,273.00,0.74,"29,939.00","8,238,169.00"
777,2018-08-15,267.00,275.00,262.00,271.00,3.44,"28,584.00","7,618,883.00"
778,2018-08-14,266.00,266.00,258.00,262.00,0.38,"5,035.00","1,306,872.00"
779,2018-08-13,255.00,261.00,253.00,261.00,4.40,"4,578.00","1,167,811.00"
780,2018-08-12,259.00,262.00,250.00,250.00,-4.58,"13,548.00","3,433,950.00"
781,2018-08-09,268.00,268.00,258.00,262.00,-0.38,"4,086.00","1,060,658.00"
782,2018-08-08,263.00,263.00,259.00,263.00,0.38,"4,965.00","1,297,445.00"
783,2018-08-07,268.00,273.00,259.00,262.00,-0.38,"12,045.00","3,130,251.00"
784,2018-08-06,264.00,264.00,259.00,263.00,1.15,"2,903.00","755,845.00"
785,2018-08-05,259.00,263.00,255.00,260.00,0.78,"8,220.00","2,119,730.00"
786,2018-08-02,263.00,265.00,257.00,258.00,0.00,"9,139.00","2,361,128.00"
787,2018-08-01,263.00,263.00,256.00,258.00,0.00,"4,891.00","1,258,586.00"
788,2018-07-31,265.00,268.00,258.00,258.00,-0.77,"5,403.00","1,408,404.00"
789,2018-07-30,263.00,265.00,260.00,260.00,0.78,"3,373.00","882,766.00"
790,2018-07-29,257.00,259.00,256.00,258.00,-0.77,"8,689.00","2,230,790.00"
791,2018-07-26,261.00,266.00,259.00,260.00,-0.38,"2,422.00","629,898.00"
792,2018-07-25,268.00,269.00,259.00,261.00,-1.14,"7,514.00","1,963,170.00"
793,2018-07-24,263.00,268.00,261.00,264.00,2.33,"8,752.00","2,313,554.00"
794,2018-07-23,263.00,263.00,258.00,258.00,0.00,"9,248.00","2,401,646.00"
795,2018-07-22,257.00,262.00,255.00,258.00,0.00,"5,692.00","1,462,610.00"
796,2018-07-19,257.00,261.00,257.00,258.00,0.00,"5,423.00","1,403,207.00"
797,2018-07-18,260.00,265.00,258.00,258.00,-1.15,"4,430.00","1,152,490.00"
798,2018-07-17,261.00,264.00,259.00,261.00,-1.14,"3,971.00","1,034,498.00"
799,2018-07-16,263.00,265.00,260.00,264.00,0.38,"3,886.00","1,021,184.00"
800,2018-07-15,256.00,263.00,256.00,263.00,3.14,"2,133.00","553,873.00"
801,2018-07-12,260.00,270.00,253.00,255.00,-2.67,"5,750.00","1,479,978.00"
802,2018-07-11,269.00,269.00,260.00,262.00,-0.76,"6,143.00","1,618,502.00"
803,2018-07-10,260.00,270.00,258.00,264.00,1.54,"8,993.00","2,401,567.00"
804,2018-07-09,266.00,266.00,260.00,260.00,-2.26,"5,317.00","1,392,555.00"
805,2018-07-08,264.00,271.00,260.00,266.00,1.92,"10,890.00","2,889,637.00"
806,2018-07-05,256.00,261.00,253.00,261.00,2.76,"11,996.00","3,099,828.00"
807,2018-07-04,262.00,262.00,253.00,254.00,-1.17,"7,003.00","1,780,942.00"
808,2018-07-03,252.00,261.00,250.00,257.00,2.39,"15,291.00","3,871,464.00"
809,2018-07-02,254.00,255.00,250.00,251.00,-3.09,"16,840.00","4,232,380.00"
810,2018-07-01,255.00,259.00,253.00,259.00,1.17,"2,700.00","686,399.00"
811,2018-06-28,260.00,265.00,256.00,256.00,-1.54,"4,864.00","1,262,544.00"
812,2018-06-27,261.00,270.00,256.00,260.00,1.56,"3,525.00","916,126.00"
813,2018-06-26,265.00,265.00,254.00,256.00,-1.92,"11,032.00","2,840,248.00"
814,2018-06-25,265.00,266.00,261.00,261.00,-3.33,"1,957.00","512,847.00"
815,2018-06-24,269.00,270.00,260.00,270.00,-1.46,"9,997.00","2,657,071.00"
816,2018-06-21,316.00,316.00,302.00,310.00,-0.32,"16,307.00","4,988,960.00"
817,2018-06-20,315.00,315.00,303.00,311.00,0.32,"5,674.00","1,734,557.00"
818,2018-06-19,318.00,319.00,310.00,310.00,-2.21,"10,548.00","3,291,100.00"
819,2018-06-18,318.00,323.00,310.00,317.00,1.60,"5,328.00","1,664,360.00"
820,2018-06-17,320.00,325.00,310.00,312.00,-0.95,"3,120.00","979,676.00"
821,2018-06-14,320.00,320.00,315.00,315.00,0.32,"6,050.00","1,909,684.00"
822,2018-06-13,316.00,316.00,309.00,314.00,1.29,"9,684.00","3,015,544.00"
823,2018-06-12,306.00,316.00,306.00,310.00,0.00,"6,118.00","1,903,912.00"
824,2018-06-11,306.00,316.00,301.00,310.00,1.97,"13,964.00","4,289,385.00"
825,2018-06-10,310.00,310.00,304.00,304.00,-2.56,"14,984.00","4,581,993.00"
826,2018-06-07,315.00,315.00,309.00,312.00,-0.95,"10,336.00","3,212,438.00"
827,2018-06-06,316.00,327.00,315.00,315.00,-0.32,"2,447.00","777,735.00"
828,2018-06-04,310.00,318.00,310.00,316.00,1.61,"6,354.00","1,990,790.00"
829,2018-06-03,315.00,320.00,311.00,311.00,-3.12,"13,386.00","4,219,356.00"
830,2018-05-31,328.00,329.00,321.00,321.00,-2.13,"10,250.00","3,310,180.00"
831,2018-05-30,331.00,335.00,326.00,328.00,0.92,"3,710.00","1,219,940.00"
832,2018-05-29,330.00,330.00,325.00,325.00,-1.52,"3,852.00","1,255,371.00"
833,2018-05-28,320.00,330.00,320.00,330.00,1.54,"10,704.00","3,489,939.00"
834,2018-05-27,324.00,325.00,318.00,325.00,0.00,"11,629.00","3,720,514.00"
835,2018-05-24,325.00,328.00,324.00,325.00,0.00,"6,171.00","2,009,709.00"
836,2018-05-23,325.00,329.00,325.00,325.00,-0.31,"3,766.00","1,227,901.00"
837,2018-05-22,325.00,328.00,325.00,326.00,-1.21,"6,847.00","2,233,565.00"
838,2018-05-21,328.00,330.00,327.00,330.00,-0.90,"4,287.00","1,408,629.00"
839,2018-05-20,335.00,337.00,326.00,333.00,0.60,"10,862.00","3,574,140.00"
840,2018-05-17,334.00,334.00,330.00,331.00,0.91,"3,940.00","1,303,358.00"
841,2018-05-16,335.00,335.00,328.00,328.00,-1.80,"4,255.00","1,404,675.00"
842,2018-05-15,331.00,335.00,327.00,334.00,0.91,"5,505.00","1,808,936.00"
843,2018-05-14,334.00,335.00,329.00,331.00,-1.19,"8,533.00","2,836,440.00"
844,2018-05-10,340.00,340.00,334.00,335.00,0.30,"9,607.00","3,222,571.00"
845,2018-05-09,338.00,338.00,333.00,334.00,-0.30,"7,303.00","2,445,184.00"
846,2018-05-08,332.00,335.00,330.00,335.00,0.90,"3,816.00","1,269,678.00"
847,2018-05-07,334.00,334.00,330.00,332.00,-0.90,"3,275.00","1,086,426.00"
848,2018-05-06,340.00,340.00,333.00,335.00,-1.18,"11,605.00","3,891,825.00"
849,2018-05-03,341.00,342.00,336.00,339.00,-0.29,"14,024.00","4,764,086.00"
850,2018-05-02,341.00,341.00,330.00,340.00,1.49,"5,713.00","1,902,375.00"
851,2018-04-29,340.00,342.00,334.00,335.00,-2.05,"9,756.00","3,290,186.00"
852,2018-04-26,352.00,352.00,341.00,342.00,-2.01,"8,851.00","3,046,309.00"
853,2018-04-25,353.00,354.00,348.00,349.00,-1.13,"10,398.00","3,637,651.00"
854,2018-04-24,353.00,362.00,351.00,353.00,-1.40,"10,130.00","3,594,494.00"
855,2018-04-23,358.00,368.00,353.00,358.00,-1.92,"31,536.00","11,419,427.00"
856,2018-04-22,360.00,367.00,354.00,365.00,2.53,"30,818.00","11,119,956.00"
857,2018-04-19,357.00,361.00,350.00,356.00,1.71,"30,277.00","10,769,591.00"
858,2018-04-18,339.00,366.00,335.00,350.00,4.17,"16,440.00","5,667,225.00"
859,2018-04-17,336.00,340.00,332.00,336.00,0.30,"9,010.00","3,027,448.00"
860,2018-04-16,337.00,337.00,332.00,335.00,1.21,"7,165.00","2,392,057.00"
861,2018-04-15,332.00,334.00,321.00,331.00,-0.90,"8,017.00","2,635,218.00"
862,2018-04-12,340.00,340.00,333.00,334.00,0.00,"6,179.00","2,067,780.00"
863,2018-04-11,329.00,334.00,325.00,334.00,1.52,"6,439.00","2,110,672.00"
864,2018-04-10,335.00,336.00,329.00,329.00,-1.79,"13,447.00","4,462,814.00"
865,2018-04-09,345.00,345.00,333.00,335.00,-1.18,"17,989.00","6,113,508.00"
866,2018-04-08,331.00,342.00,329.00,339.00,4.31,"22,524.00","7,573,215.00"
867,2018-04-05,327.00,330.00,320.00,325.00,1.25,"18,275.00","5,965,287.00"
868,2018-04-04,318.00,322.00,317.00,321.00,1.58,"10,372.00","3,320,996.00"
869,2018-04-03,311.00,316.00,310.00,316.00,0.96,"7,698.00","2,414,961.00"
870,2018-04-02,311.00,318.00,309.00,313.00,0.64,"6,123.00","1,907,548.00"
871,2018-04-01,317.00,317.00,308.00,311.00,-1.89,"15,133.00","4,713,257.00"
872,2018-03-29,310.00,320.00,307.00,317.00,2.26,"23,880.00","7,504,394.00"
873,2018-03-28,320.00,322.00,304.00,310.00,-1.90,"22,860.00","7,141,442.00"
874,2018-03-27,305.00,322.00,294.00,316.00,1.94,"24,965.00","7,576,032.00"
875,2018-03-26,334.00,334.00,308.00,310.00,-8.82,"45,346.00","14,262,500.00"
876,2018-03-22,344.00,350.00,331.00,340.00,-1.16,"13,659.00","4,636,088.00"
877,2018-03-21,353.00,353.00,343.00,344.00,-3.10,"13,930.00","4,818,671.00"
878,2018-03-20,350.00,355.00,350.00,355.00,0.00,"11,647.00","4,098,548.00"
879,2018-03-19,362.00,362.00,355.00,355.00,-1.66,"5,554.00","1,984,318.00"
880,2018-03-18,362.00,364.00,361.00,361.00,-0.55,"9,424.00","3,410,588.00"
881,2018-03-15,364.00,365.00,363.00,363.00,0.28,"8,801.00","3,207,550.00"
882,2018-03-14,361.00,364.00,361.00,362.00,0.00,"4,636.00","1,678,682.00"
883,2018-03-13,360.00,362.00,358.00,362.00,1.12,"7,335.00","2,640,202.00"
884,2018-03-12,356.00,364.00,354.00,358.00,0.28,"7,507.00","2,685,544.00"
885,2018-03-11,377.00,377.00,355.00,357.00,-3.51,"11,472.00","4,112,074.00"
886,2018-03-07,364.00,370.00,362.00,370.00,3.35,"14,659.00","5,355,293.00"
887,2018-03-06,355.00,362.00,348.00,358.00,0.85,"23,924.00","8,435,871.00"
888,2018-03-05,362.00,362.00,350.00,355.00,-1.39,"17,095.00","6,044,801.00"
889,2018-03-04,368.00,368.00,352.00,360.00,-1.64,"16,285.00","5,814,777.00"
890,2018-02-28,370.00,370.00,365.00,366.00,-1.08,"20,063.00","7,348,767.00"
891,2018-02-27,370.00,377.00,370.00,370.00,0.00,"14,315.00","5,328,660.00"
892,2018-02-26,370.00,371.00,369.00,370.00,-0.80,"14,415.00","5,335,563.00"
893,2018-02-25,375.00,376.00,373.00,373.00,-0.53,"8,238.00","3,081,404.00"
894,2018-02-22,368.00,376.00,368.00,375.00,1.35,"14,138.00","5,255,204.00"
895,2018-02-21,377.00,378.00,370.00,370.00,-2.12,"31,726.00","11,816,515.00"
896,2018-02-20,394.00,396.00,378.00,378.00,-2.33,"15,358.00","5,878,648.00"
897,2018-02-18,394.00,400.00,384.00,387.00,-1.02,"24,095.00","9,466,436.00"
898,2018-02-15,376.00,391.00,377.00,391.00,0.00,"37,572.00","14,441,915.00"
899,2018-02-14,375.00,376.00,372.00,376.00,0.00,"12,203.00","4,555,733.00"
900,2018-02-12,376.00,377.00,370.00,375.00,0.00,"11,942.00","4,450,887.00"
901,2018-02-11,380.00,380.00,375.00,376.00,0.00,"8,481.00","3,192,010.00"
902,2018-02-08,379.00,383.00,376.00,380.00,0.00,"13,774.00","5,220,362.00"
903,2018-02-07,385.00,385.00,378.00,379.00,0.00,"13,312.00","5,069,202.00"
904,2018-02-06,389.00,387.00,383.00,385.00,0.00,"17,852.00","6,875,041.00"
905,2018-02-05,390.00,391.00,386.00,389.00,0.00,"7,735.00","3,003,668.00"
906,2018-02-04,393.00,396.00,390.00,390.00,0.00,"14,249.00","5,585,467.00"
907,2018-02-01,394.00,399.00,391.00,393.00,0.00,"22,218.00","8,759,313.00"
908,2018-01-31,397.00,402.00,391.00,394.00,0.00,"10,468.00","4,133,161.00"
909,2018-01-29,401.00,400.00,394.00,397.00,0.00,"13,014.00","5,158,458.00"
910,2018-01-28,401.00,405.00,400.00,401.00,0.00,"12,547.00","5,026,648.00"
911,2018-01-25,402.00,407.00,400.00,401.00,0.00,"15,710.00","6,313,700.00"
912,2018-01-24,402.00,403.00,401.00,402.00,0.00,"8,308.00","3,335,610.00"
913,2018-01-23,405.00,404.00,401.00,402.00,0.00,"7,910.00","3,182,444.00"
914,2018-01-22,403.00,405.00,403.00,405.00,0.00,"9,353.00","3,777,216.00"
915,2018-01-21,407.00,408.00,402.00,403.00,0.00,"14,651.00","5,920,480.00"
916,2018-01-17,406.00,409.00,401.00,407.00,0.00,"9,587.00","3,882,031.00"
917,2018-01-16,410.00,409.00,405.00,406.00,0.00,"10,370.00","4,221,987.00"
918,2018-01-14,414.00,415.00,408.00,410.00,0.00,"11,021.00","4,526,242.00"
919,2018-01-10,409.00,416.00,407.00,414.00,0.00,"21,984.00","9,073,185.00"
920,2018-01-09,405.00,410.00,405.00,409.00,0.00,"15,188.00","6,201,942.00"
921,2018-01-08,405.00,409.00,404.00,405.00,0.00,"24,371.00","9,883,701.00"
922,2018-01-07,405.00,409.00,405.00,405.00,0.00,"10,670.00","4,338,156.00"
923,2018-01-04,402.00,407.00,401.00,405.00,0.00,"17,768.00","7,164,022.00"
924,2018-01-03,407.00,407.00,401.00,402.00,0.00,"18,022.00","7,271,390.00"
925,2018-01-02,409.00,415.00,405.00,407.00,0.00,"24,488.00","10,061,679.00"
926,2018-01-01,401.00,410.00,403.00,409.00,0.00,"18,032.00","7,322,976.00"
927,2017-12-31,402.00,403.00,397.00,401.00,0.00,"22,108.00","8,838,611.00"
928,2017-12-28,405.00,410.00,397.00,402.00,0.00,"23,512.00","9,466,520.00"
929,2017-12-27,410.00,410.00,395.00,405.00,0.00,"20,576.00","8,338,094.00"
930,2017-12-26,415.00,414.00,410.00,410.00,0.00,"13,819.00","5,683,203.00"
931,2017-12-24,418.00,420.00,415.00,415.00,0.00,"15,142.00","6,326,577.00"
932,2017-12-21,421.00,426.00,417.00,418.00,0.00,"27,398.00","11,482,586.00"
933,2017-12-20,414.00,423.00,410.00,421.00,0.00,"40,474.00","16,911,456.00"
934,2017-12-19,418.00,420.00,414.00,414.00,0.00,"8,516.00","3,533,826.00"
935,2017-12-18,413.00,418.00,411.00,418.00,0.00,"24,285.00","10,114,712.00"
936,2017-12-17,409.00,414.00,409.00,413.00,0.00,"20,124.00","8,279,624.00"
937,2017-12-14,412.00,415.00,407.00,409.00,0.00,"13,078.00","5,350,694.00"
938,2017-12-13,407.00,416.00,400.00,412.00,0.00,"10,074.00","4,144,257.00"
939,2017-12-12,410.00,410.00,406.00,407.00,0.00,"10,993.00","4,485,774.00"
940,2017-12-11,413.00,415.00,405.00,410.00,0.00,"18,191.00","7,451,408.00"
941,2017-12-10,418.00,433.00,412.00,413.00,0.00,"12,203.00","5,116,016.00"
942,2017-12-06,409.00,418.00,410.00,418.00,0.00,"10,398.00","4,328,001.00"
943,2017-12-05,410.00,410.00,406.00,409.00,0.00,"12,503.00","5,095,201.00"
944,2017-12-04,412.00,417.00,410.00,410.00,0.00,"11,894.00","4,919,090.00"
945,2017-11-30,416.00,418.00,410.00,412.00,0.00,"6,918.00","2,860,260.00"
946,2017-11-29,409.00,423.00,410.00,416.00,0.00,"23,393.00","9,671,097.00"
947,2017-11-28,409.00,411.00,407.00,409.00,0.00,"13,219.00","5,410,121.00"
948,2017-11-27,411.00,415.00,409.00,409.00,0.00,"13,278.00","5,465,053.00"
949,2017-11-26,408.00,412.00,406.00,411.00,0.00,"15,240.00","6,241,584.00"
950,2017-11-23,406.00,411.00,406.00,408.00,0.00,"17,588.00","7,185,611.00"
951,2017-11-22,403.00,411.00,403.00,406.00,0.00,"15,434.00","6,259,483.00"
952,2017-11-21,404.00,410.00,402.00,403.00,0.00,"16,320.00","6,588,128.00"
953,2017-11-20,402.00,404.00,400.00,404.00,0.00,"31,209.00","12,497,478.00"
954,2017-11-19,404.00,407.00,401.00,402.00,0.00,"17,641.00","7,131,271.00"
955,2017-11-16,413.00,413.00,404.00,404.00,0.00,"15,242.00","6,199,140.00"
956,2017-11-15,419.00,422.00,413.00,413.00,0.00,"13,502.00","5,623,616.00"
957,2017-11-14,414.00,422.00,413.00,419.00,0.00,"11,146.00","4,643,405.00"
958,2017-11-13,408.00,414.00,408.00,414.00,0.00,"11,555.00","4,747,882.00"
959,2017-11-12,404.00,408.00,400.00,408.00,0.00,"25,785.00","10,385,932.00"
960,2017-11-09,410.00,410.00,400.00,404.00,0.00,"37,712.00","15,204,611.00"
961,2017-11-08,414.00,414.00,405.00,410.00,0.00,"20,047.00","8,201,017.00"
962,2017-11-07,414.00,422.00,414.00,414.00,0.00,"15,411.00","6,414,819.00"
963,2017-11-06,415.00,431.00,408.00,414.00,0.00,"10,803.00","4,494,790.00"
964,2017-11-05,435.00,433.00,413.00,415.00,0.00,"28,314.00","11,846,079.00"
965,2017-11-02,435.00,436.00,430.00,435.00,0.00,"8,399.00","3,636,339.00"
966,2017-11-01,438.00,440.00,433.00,435.00,0.00,"5,652.00","2,465,833.00"
967,2017-10-31,440.00,442.00,438.00,438.00,0.00,"7,396.00","3,247,282.00"
968,2017-10-30,440.00,445.00,440.00,440.00,0.00,"7,113.00","3,141,768.00"
969,2017-10-29,444.00,445.00,439.00,440.00,0.00,"11,166.00","4,926,941.00"
970,2017-10-25,449.00,448.00,442.00,444.00,0.00,"5,196.00","2,309,275.00"
971,2017-10-24,449.00,452.00,449.00,449.00,0.00,"11,336.00","5,104,533.00"
972,2017-10-23,447.00,452.00,445.00,449.00,0.00,"22,132.00","9,960,987.00"
973,2017-10-22,450.00,458.00,447.00,447.00,0.00,"8,055.00","3,652,957.00"
974,2017-10-18,443.00,452.00,442.00,450.00,0.00,"11,979.00","5,369,349.00"
975,2017-10-17,445.00,450.00,437.00,443.00,0.00,"12,280.00","5,427,308.00"
976,2017-10-16,432.00,448.00,430.00,445.00,0.00,"252,428.00","108,534,704.00"
977,2017-10-15,424.00,434.00,425.00,432.00,0.00,"6,175.00","2,639,993.00"
978,2017-10-12,424.00,426.00,420.00,424.00,0.00,"8,288.00","3,510,351.00"
979,2017-10-11,425.00,426.00,421.00,424.00,0.00,"12,823.00","5,440,352.00"
980,2017-10-10,425.00,429.00,420.00,425.00,0.00,"15,622.00","6,625,722.00"
981,2017-10-09,426.00,425.00,420.00,425.00,0.00,"7,869.00","3,329,861.00"
982,2017-10-08,434.00,430.00,419.00,426.00,0.00,"19,432.00","8,215,898.00"
983,2017-10-04,434.00,436.00,431.00,434.00,0.00,"7,230.00","3,133,709.00"
984,2017-10-03,434.00,436.00,426.00,434.00,0.00,"4,001.00","1,735,098.00"
985,2017-09-26,439.00,443.00,433.00,434.00,0.00,"12,120.00","5,277,699.00"
986,2017-09-25,435.00,439.00,427.00,439.00,0.00,"9,113.00","3,964,136.00"
987,2017-09-24,438.00,445.00,433.00,435.00,0.00,"15,164.00","6,598,424.00"
988,2017-09-20,443.00,451.00,425.00,438.00,0.00,"11,701.00","5,197,002.00"
989,2017-09-18,440.00,448.00,438.00,443.00,0.00,"11,810.00","5,208,837.00"
990,2017-09-17,433.00,440.00,426.00,440.00,0.00,"15,457.00","6,717,090.00"
991,2017-09-14,419.00,434.00,420.00,433.00,0.00,"12,294.00","5,243,772.00"
992,2017-09-13,420.00,422.00,415.00,419.00,0.00,"18,376.00","7,700,323.00"
993,2017-09-12,420.00,422.00,416.00,420.00,0.00,"14,092.00","5,905,546.00"
994,2017-09-11,420.00,430.00,415.00,420.00,0.00,"11,686.00","4,929,648.00"
995,2017-09-10,428.00,428.00,420.00,420.00,0.00,"15,342.00","6,482,757.00"
996,2017-09-07,435.00,435.00,426.00,428.00,0.00,"11,484.00","4,918,857.00"
997,2017-09-06,424.00,440.00,425.00,435.00,0.00,"15,314.00","6,596,712.00"
998,2017-09-04,435.00,435.00,423.00,424.00,0.00,"32,246.00","13,769,757.00"
999,2017-08-31,445.00,445.00,435.00,435.00,0.00,"24,713.00","10,844,478.00"
1000,2017-08-30,453.00,455.00,442.00,445.00,0.00,"28,917.00","12,862,856.00"
1001,2017-08-28,458.00,460.00,450.00,453.00,0.00,"20,395.00","9,243,286.00"
1002,2017-08-27,462.00,465.00,458.00,458.00,0.00,"12,806.00","5,901,946.00"
1003,2017-08-24,460.00,465.00,458.00,462.00,0.00,"9,422.00","4,347,058.00"
1004,2017-08-23,467.00,471.00,460.00,460.00,0.00,"16,701.00","7,731,512.00"
1005,2017-08-22,462.00,469.00,457.00,467.00,0.00,"9,914.00","4,578,215.00"
1006,2017-08-21,465.00,465.00,456.00,462.00,0.00,"5,894.00","2,710,898.00"
1007,2017-08-20,478.00,480.00,463.00,465.00,0.00,"18,926.00","8,837,314.00"
1008,2017-08-17,477.00,480.00,474.00,478.00,0.00,"8,530.00","4,064,231.00"
1009,2017-08-16,475.00,480.00,468.00,477.00,0.00,"14,726.00","7,036,256.00"
1010,2017-08-15,481.00,480.00,474.00,475.00,0.00,"27,295.00","13,019,006.00"
1011,2017-08-13,476.00,500.00,479.00,481.00,0.00,"34,530.00","16,646,317.00"
1012,2017-08-10,480.00,485.00,475.00,476.00,0.00,"13,119.00","6,285,843.00"
1013,2017-08-09,488.00,492.00,480.00,480.00,0.00,"19,588.00","9,459,627.00"
1014,2017-08-07,486.00,490.00,485.00,488.00,0.00,"21,021.00","10,231,097.00"
1015,2017-08-06,485.00,489.00,476.00,486.00,0.00,"20,499.00","9,958,744.00"
1016,2017-08-03,485.00,494.00,480.00,485.00,0.00,"23,051.00","11,161,768.00"
1017,2017-08-02,484.00,485.00,479.00,485.00,0.00,"14,875.00","7,165,354.00"
1018,2017-08-01,487.00,490.00,481.00,484.00,0.00,"14,489.00","7,025,155.00"
1019,2017-07-31,494.00,503.00,485.00,487.00,0.00,"53,248.00","26,352,668.00"
1020,2017-07-30,484.00,503.00,473.00,494.00,0.00,"85,128.00","41,973,928.00"
1021,2017-07-27,458.00,484.00,461.00,484.00,0.00,"43,141.00","20,404,616.00"
1022,2017-07-26,459.00,470.00,455.00,458.00,0.00,"23,893.00","11,004,879.00"
1023,2017-07-25,461.00,470.00,452.00,459.00,0.00,"26,374.00","12,144,838.00"
1024,2017-07-24,464.00,465.00,460.00,461.00,0.00,"14,829.00","6,839,750.00"
1025,2017-07-23,472.00,472.00,464.00,464.00,0.00,"15,817.00","7,378,138.00"
1026,2017-07-20,470.00,480.00,472.00,472.00,0.00,"14,142.00","6,724,028.00"
1027,2017-07-19,476.00,480.00,465.00,470.00,0.00,"23,422.00","11,148,743.00"
1028,2017-07-18,470.00,476.00,467.00,476.00,0.00,"29,290.00","13,802,789.00"
1029,2017-07-17,462.00,472.00,462.00,470.00,0.00,"15,778.00","7,355,825.00"
1030,2017-07-16,462.00,464.00,456.00,462.00,0.00,"7,342.00","3,386,387.00"
1031,2017-07-13,462.00,465.00,460.00,462.00,0.00,"11,332.00","5,238,576.00"
1032,2017-07-12,462.00,468.00,462.00,462.00,0.00,"9,652.00","4,485,666.00"
1033,2017-07-11,461.00,465.00,457.00,462.00,0.00,"12,872.00","5,937,273.00"
1034,2017-07-10,458.00,467.00,457.00,461.00,0.00,"14,147.00","6,512,713.00"
1035,2017-07-09,463.00,475.00,452.00,458.00,0.00,"32,270.00","14,976,293.00"
1036,2017-07-06,450.00,463.00,452.00,463.00,0.00,"27,679.00","12,636,881.00"
1037,2017-07-05,450.00,450.00,443.00,450.00,0.00,"16,520.00","7,400,106.00"
1038,2017-07-04,455.00,455.00,448.00,450.00,0.00,"9,075.00","4,097,085.00"
1039,2017-07-03,448.00,456.00,450.00,455.00,0.00,"16,608.00","7,513,917.00"
1040,2017-07-02,456.00,456.00,443.00,448.00,0.00,"17,371.00","7,789,931.00"
1041,2017-06-28,455.00,458.00,452.00,456.00,0.00,"11,217.00","5,106,731.00"
1042,2017-06-27,457.00,465.00,453.00,455.00,0.00,"14,092.00","6,452,782.00"
1043,2017-06-25,453.00,461.00,452.00,457.00,0.00,"14,073.00","6,428,150.00"
1044,2017-06-22,453.00,460.00,453.00,453.00,0.00,"7,694.00","3,498,893.00"
1045,2017-06-21,454.00,454.00,445.00,453.00,0.00,"19,146.00","8,641,244.00"
1046,2017-06-20,456.00,460.00,445.00,454.00,0.00,"24,078.00","10,838,984.00"
1047,2017-06-19,464.00,460.00,453.00,456.00,0.00,"24,698.00","11,262,716.00"
1048,2017-06-18,463.00,467.00,456.00,464.00,0.00,"12,812.00","5,931,878.00"
1049,2017-06-15,470.00,476.00,463.00,463.00,0.00,"13,300.00","6,247,390.00"
1050,2017-06-14,469.00,473.00,460.00,470.00,0.00,"17,376.00","8,112,519.00"
1051,2017-06-13,460.00,470.00,461.00,469.00,0.00,"11,297.00","5,264,044.00"
1052,2017-06-12,463.00,468.00,452.00,460.00,0.00,"16,267.00","7,497,170.00"
1053,2017-06-11,473.00,470.00,457.00,463.00,0.00,"15,500.00","7,184,362.00"
1054,2017-06-08,477.00,479.00,473.00,473.00,0.00,"12,984.00","6,174,721.00"
1055,2017-06-07,490.00,495.00,470.00,477.00,0.00,"32,131.00","15,411,937.00"
1056,2017-06-06,472.00,490.00,466.00,490.00,0.00,"29,021.00","13,791,878.00"
1057,2017-06-05,465.00,479.00,458.00,472.00,0.00,"36,567.00","17,129,558.00"
1058,2017-06-04,470.00,479.00,460.00,465.00,0.00,"25,983.00","12,104,217.00"
1059,2017-06-01,470.00,479.00,465.00,470.00,0.00,"51,745.00","24,382,792.00"
1060,2017-05-31,471.00,480.00,460.00,470.00,0.00,"61,568.00","28,768,412.00"
1061,2017-05-30,480.00,480.00,470.00,471.00,0.00,"34,372.00","16,260,319.00"
1062,2017-05-28,490.00,485.00,477.00,480.00,0.00,"29,795.00","14,344,462.00"
1063,2017-05-24,492.00,490.00,483.00,490.00,0.00,"8,857.00","4,311,429.00"
1064,2017-05-23,498.00,498.00,485.00,492.00,0.00,"16,724.00","8,233,975.00"
1065,2017-05-22,480.00,498.00,455.00,498.00,0.00,"77,897.00","35,754,648.00"
1066,2017-05-21,492.00,490.00,480.00,480.00,0.00,"15,327.00","7,430,820.00"
1067,2017-05-18,493.00,493.00,485.00,492.00,0.00,"12,584.00","6,158,716.00"
1068,2017-05-17,498.00,501.00,492.00,493.00,0.00,"7,338.00","3,631,507.00"
1069,2017-05-16,503.00,504.00,494.00,498.00,0.00,"10,804.00","5,375,813.00"
1070,2017-05-15,502.00,512.00,500.00,503.00,0.00,"5,764.00","2,901,032.00"
1071,2017-05-11,497.00,506.00,498.00,502.00,0.00,"24,585.00","12,302,492.00"
1072,2017-05-09,493.00,502.00,494.00,497.00,0.00,"20,264.00","10,067,992.00"
1073,2017-05-08,498.00,503.00,490.00,493.00,0.00,"16,141.00","7,951,360.00"
1074,2017-05-07,503.00,500.00,490.00,498.00,0.00,"25,421.00","12,530,732.00"
1075,2017-05-04,508.00,512.00,501.00,503.00,0.00,"17,748.00","8,971,473.00"
1076,2017-05-03,510.00,524.00,505.00,508.00,0.00,"20,443.00","10,485,177.00"
1077,2017-05-02,510.00,512.00,500.00,510.00,0.00,"33,513.00","16,912,286.00"
1078,2017-04-30,508.00,514.00,504.00,510.00,0.00,"16,811.00","8,528,460.00"
1079,2017-04-27,510.00,520.00,504.00,508.00,0.00,"22,245.00","11,338,734.00"
1080,2017-04-26,511.00,513.00,504.00,510.00,0.00,"31,274.00","15,885,583.00"
1081,2017-04-25,516.00,520.00,508.00,511.00,0.00,"36,694.00","18,785,832.00"
1082,2017-04-24,530.00,530.00,515.00,516.00,0.00,"29,763.00","15,496,090.00"
1083,2017-04-23,522.00,563.00,522.00,530.00,0.00,"50,236.00","27,031,812.00"
1084,2017-04-20,525.00,535.00,515.00,522.00,0.00,"43,532.00","22,806,468.00"
1085,2017-04-19,505.00,525.00,505.00,525.00,0.00,"21,860.00","11,259,709.00"
1086,2017-04-18,513.00,520.00,496.00,505.00,0.00,"29,882.00","15,111,380.00"
1087,2017-04-16,529.00,530.00,510.00,513.00,0.00,"43,820.00","22,631,132.00"
1088,2017-04-13,530.00,539.00,510.00,529.00,0.00,"32,412.00","17,112,732.00"
1089,2017-04-12,547.00,557.00,530.00,530.00,0.00,"38,975.00","21,399,528.00"
1090,2017-04-11,530.00,558.00,534.00,547.00,0.00,"56,543.00","30,964,004.00"
1091,2017-04-10,516.00,541.00,510.00,530.00,0.00,"67,764.00","35,562,652.00"
1092,2017-04-09,500.00,525.00,504.00,516.00,0.00,"40,237.00","20,713,632.00"
1093,2017-04-06,500.00,508.00,491.00,500.00,0.00,"39,265.00","19,634,484.00"
1094,2017-04-04,505.00,511.00,496.00,500.00,0.00,"39,066.00","19,711,214.00"
1095,2017-04-03,510.00,560.00,495.00,505.00,0.00,"72,939.00","38,601,136.00"
1096,2017-04-02,470.00,510.00,479.00,510.00,0.00,"46,216.00","22,835,590.00"
1097,2017-03-30,474.00,485.00,463.00,470.00,0.00,"30,548.00","14,443,957.00"
1098,2017-03-29,490.00,516.00,474.00,474.00,0.00,"58,621.00","28,840,304.00"
1099,2017-03-28,465.00,498.00,460.00,490.00,0.00,"54,876.00","26,550,544.00"
1100,2017-03-26,450.00,475.00,446.00,465.00,0.00,"34,806.00","16,158,039.00"
1101,2017-03-23,440.00,454.00,435.00,450.00,0.00,"23,724.00","10,575,205.00"
1102,2017-03-22,445.00,462.00,435.00,440.00,0.00,"31,982.00","14,511,977.00"
1103,2017-03-21,434.00,445.00,427.00,445.00,0.00,"27,748.00","12,224,575.00"
1104,2017-03-20,415.00,438.00,417.00,434.00,0.00,"24,270.00","10,356,719.00"
1105,2017-03-19,411.00,415.00,409.00,415.00,0.00,"22,955.00","9,484,747.00"
1106,2017-03-16,409.00,417.00,409.00,411.00,0.00,"16,417.00","6,748,735.00"
1107,2017-03-15,409.00,412.00,406.00,409.00,0.00,"8,811.00","3,614,036.00"
1108,2017-03-14,417.00,418.00,409.00,409.00,0.00,"13,746.00","5,679,666.00"
1109,2017-03-13,415.00,423.00,415.00,417.00,0.00,"2,969.00","1,239,109.00"
1110,2017-03-09,416.00,421.00,415.00,415.00,0.00,"4,446.00","1,850,555.00"
1111,2017-03-07,423.00,423.00,415.00,416.00,0.00,"8,537.00","3,550,995.00"
1112,2017-03-06,418.00,435.00,417.00,423.00,0.00,"12,979.00","5,497,401.00"
1113,2017-03-05,417.00,420.00,410.00,418.00,0.00,"15,674.00","6,548,196.00"
1114,2017-03-02,415.00,418.00,413.00,417.00,0.00,"8,740.00","3,633,825.00"
1115,2017-03-01,409.00,416.00,409.00,415.00,0.00,"8,384.00","3,457,952.00"
1116,2017-02-28,412.00,412.00,401.00,409.00,0.00,"13,178.00","5,361,811.00"
1117,2017-02-26,430.00,426.00,408.00,412.00,0.00,"21,747.00","9,044,099.00"
1118,2017-02-23,531.00,536.00,529.00,529.00,0.00,"87,307.00","46,478,112.00"
1119,2017-02-22,539.00,545.00,530.00,531.00,0.00,"27,687.00","14,853,621.00"
1120,2017-02-21,546.00,564.00,539.00,539.00,0.00,"43,351.00","23,744,428.00"
1121,2017-02-20,548.00,559.00,544.00,546.00,0.00,"58,284.00","32,133,076.00"
1122,2017-02-19,548.00,558.00,539.00,548.00,0.00,"57,690.00","31,654,600.00"
1123,2017-02-16,531.00,548.00,526.00,548.00,0.00,"76,411.00","40,961,688.00"
1124,2017-02-15,519.00,531.00,513.00,531.00,0.00,"39,286.00","20,487,912.00"
1125,2017-02-14,525.00,528.00,512.00,519.00,0.00,"26,751.00","13,932,842.00"
1126,2017-02-13,508.00,527.00,490.00,525.00,0.00,"52,492.00","26,344,512.00"
1127,2017-02-12,526.00,525.00,500.00,508.00,0.00,"25,795.00","13,269,350.00"
1128,2017-02-09,541.00,540.00,525.00,526.00,0.00,"24,053.00","12,776,920.00"
1129,2017-02-08,548.00,550.00,535.00,541.00,0.00,"15,736.00","8,511,349.00"
1130,2017-02-07,550.00,550.00,534.00,548.00,0.00,"7,990.00","4,338,677.00"
1131,2017-02-06,558.00,561.00,544.00,550.00,0.00,"12,842.00","7,071,894.00"
1132,2017-02-05,570.00,565.00,553.00,558.00,0.00,"8,133.00","4,548,835.00"
1133,2017-02-02,573.00,595.00,560.00,570.00,0.00,"28,786.00","16,529,866.00"
1134,2017-02-01,545.00,573.00,548.00,573.00,0.00,"24,179.00","13,625,747.00"
1135,2017-01-31,540.00,560.00,510.00,545.00,0.00,"16,759.00","8,955,600.00"
1136,2017-01-30,570.00,573.00,537.00,540.00,0.00,"37,872.00","20,671,684.00"
1137,2017-01-26,585.00,585.00,565.00,570.00,0.00,"32,501.00","18,644,180.00"
1138,2017-01-25,596.00,596.00,578.00,585.00,0.00,"18,628.00","10,866,042.00"
1139,2017-01-24,603.00,603.00,590.00,596.00,0.00,"21,459.00","12,776,623.00"
1140,2017-01-23,606.00,607.00,600.00,603.00,0.00,"17,889.00","10,770,634.00"
1141,2017-01-22,609.00,611.00,605.00,606.00,0.00,"12,086.00","7,338,585.00"
1142,2017-01-19,611.00,611.00,601.00,609.00,0.00,"9,518.00","5,793,197.00"
1143,2017-01-18,610.00,613.00,608.00,611.00,0.00,"11,726.00","7,163,864.00"
1144,2017-01-17,609.00,611.00,600.00,610.00,0.00,"19,781.00","12,020,579.00"
1145,2017-01-16,612.00,613.00,608.00,609.00,0.00,"7,024.00","4,284,353.00"
1146,2017-01-15,614.00,616.00,610.00,612.00,0.00,"10,360.00","6,339,781.00"
1147,2017-01-12,619.00,620.00,614.00,614.00,0.00,"11,035.00","6,811,290.00"
1148,2017-01-11,621.00,626.00,619.00,619.00,0.00,"11,953.00","7,429,264.00"
1149,2017-01-10,616.00,626.00,617.00,621.00,0.00,"16,048.00","9,987,547.00"
1150,2017-01-09,613.00,616.00,610.00,616.00,0.00,"14,193.00","8,704,056.00"
1151,2017-01-08,612.00,614.00,606.00,613.00,0.00,"149,829.00","91,243,152.00"
1152,2017-01-05,614.00,632.00,603.00,612.00,0.00,"21,291.00","13,111,973.00"
1153,2017-01-04,612.00,618.00,600.00,614.00,0.00,"16,585.00","10,162,839.00"
1154,2017-01-03,625.00,627.00,610.00,612.00,0.00,"25,697.00","15,894,419.00"
1155,2017-01-02,625.00,640.00,623.00,625.00,0.00,"37,538.00","23,650,798.00"
1156,2017-01-01,615.00,631.00,620.00,625.00,0.00,"29,831.00","18,595,774.00"
1157,2016-12-29,600.00,625.00,596.00,615.00,0.00,"42,205.00","25,813,924.00"
1158,2016-12-28,595.00,607.00,592.00,600.00,0.00,"29,792.00","17,824,864.00"
1159,2016-12-27,603.00,609.00,578.00,595.00,0.00,"43,724.00","25,960,532.00"
1160,2016-12-26,620.00,615.00,600.00,603.00,0.00,"55,924.00","33,782,624.00"
1161,2016-12-22,621.00,626.00,615.00,620.00,0.00,"19,840.00","12,332,470.00"
1162,2016-12-21,625.00,627.00,620.00,621.00,0.00,"29,990.00","18,687,144.00"
1163,2016-12-20,643.00,640.00,625.00,625.00,0.00,"25,930.00","16,437,553.00"
1164,2016-12-19,646.00,650.00,636.00,643.00,0.00,"34,377.00","21,994,584.00"
1165,2016-12-18,650.00,650.00,638.00,646.00,0.00,"41,502.00","26,637,396.00"
1166,2016-12-15,639.00,651.00,635.00,650.00,0.00,"27,803.00","17,887,178.00"
1167,2016-12-14,637.00,645.00,635.00,639.00,0.00,"25,739.00","16,442,300.00"
1168,2016-12-12,641.00,648.00,620.00,637.00,0.00,"26,635.00","16,925,878.00"
1169,2016-12-11,656.00,658.00,640.00,641.00,0.00,"34,307.00","22,225,576.00"
1170,2016-12-08,658.00,658.00,650.00,656.00,0.00,"20,692.00","13,528,561.00"
1171,2016-12-07,660.00,673.00,633.00,658.00,0.00,"31,067.00","20,399,428.00"
1172,2016-12-06,653.00,670.00,647.00,660.00,0.00,"38,914.00","25,497,642.00"
1173,2016-12-05,660.00,660.00,646.00,653.00,0.00,"45,679.00","29,750,944.00"
1174,2016-12-04,669.00,681.00,649.00,660.00,0.00,"40,874.00","27,080,926.00"
1175,2016-12-01,669.00,682.00,654.00,669.00,0.00,"66,851.00","44,807,864.00"
1176,2016-11-30,651.00,675.00,652.00,669.00,0.00,"90,494.00","60,208,032.00"
1177,2016-11-29,646.00,658.00,609.00,651.00,0.00,"96,962.00","62,635,768.00"
1178,2016-11-28,617.00,650.00,595.00,646.00,0.00,"109,608.00","67,365,568.00"
1179,2016-11-27,629.00,635.00,611.00,617.00,0.00,"73,178.00","45,405,732.00"
1180,2016-11-24,630.00,654.00,620.00,629.00,0.00,"63,443.00","40,128,468.00"
1181,2016-11-23,644.00,650.00,620.00,630.00,0.00,"77,629.00","49,037,932.00"
1182,2016-11-22,658.00,659.00,615.00,644.00,0.00,"58,544.00","37,697,392.00"
1183,2016-11-21,655.00,669.00,631.00,658.00,0.00,"67,806.00","44,022,568.00"
1184,2016-11-20,675.00,688.00,638.00,655.00,0.00,"77,691.00","50,652,744.00"
1185,2016-11-17,691.00,690.00,660.00,675.00,0.00,"53,578.00","36,194,636.00"
1186,2016-11-16,698.00,700.00,690.00,691.00,0.00,"19,983.00","13,853,338.00"
1187,2016-11-15,698.00,710.00,692.00,698.00,0.00,"66,240.00","46,245,204.00"
1188,2016-11-14,676.00,705.00,666.00,698.00,0.00,"60,427.00","41,620,120.00"
1189,2016-11-13,688.00,688.00,666.00,676.00,0.00,"42,870.00","29,120,790.00"
1190,2016-11-10,688.00,693.00,670.00,688.00,0.00,"63,495.00","43,164,696.00"
1191,2016-11-09,700.00,700.00,666.00,688.00,0.00,"42,648.00","29,353,180.00"
1192,2016-11-08,706.00,707.00,691.00,700.00,0.00,"53,317.00","37,143,504.00"
1193,2016-11-07,713.00,714.00,705.00,706.00,0.00,"49,484.00","35,049,384.00"
1194,2016-11-03,719.00,720.00,710.00,713.00,0.00,"22,970.00","16,445,127.00"
1195,2016-10-27,718.00,729.00,714.00,719.00,0.00,"45,651.00","32,855,530.00"
1196,2016-10-26,720.00,720.00,707.00,718.00,0.00,"36,563.00","26,063,174.00"
1197,2016-10-25,719.00,730.00,706.00,720.00,0.00,"39,244.00","27,867,100.00"
1198,2016-10-24,730.00,728.00,713.00,719.00,0.00,"35,840.00","25,731,388.00"
1199,2016-10-23,741.00,750.00,723.00,730.00,0.00,"48,414.00","35,292,212.00"
1200,2016-10-20,738.00,744.00,739.00,741.00,0.00,"40,919.00","30,330,712.00"
1201,2016-10-19,740.00,751.00,735.00,738.00,0.00,"34,634.00","25,557,976.00"
1202,2016-10-18,752.00,753.00,715.00,740.00,0.00,"51,936.00","38,553,104.00"
1203,2016-10-17,764.00,770.00,736.00,752.00,0.00,"75,678.00","56,632,144.00"
1204,2016-10-16,780.00,780.00,755.00,764.00,0.00,"58,598.00","44,628,296.00"
1205,2016-10-06,787.00,794.00,775.00,780.00,0.00,"178,136.00","139,315,584.00"
1206,2016-10-05,745.00,819.00,755.00,787.00,0.00,"381,177.00","298,821,632.00"
1207,2016-10-04,678.00,745.00,691.00,745.00,0.00,"3,322.00","2,473,540.00"
1208,2016-10-03,617.00,678.00,629.00,678.00,0.00,420.00,"283,410.00"
1209,2016-10-02,561.00,617.00,572.00,617.00,0.00,469.00,"288,233.00"
1210,2016-09-29,510.00,561.00,520.00,561.00,0.00,50.00,"27,010.00"
1211,2016-09-28,464.00,510.00,473.00,510.00,0.00,"4,437.00","2,248,769.00"
